[2026-02-11 15:58:22.364] [info] [thread 478124] Async logger initialized (console=debug, file=debug)
[2026-02-11 15:58:22.364] [debug] [thread 478124] [MeshLoader] Starting load: '/Users/adriangabriel.axtmann/gitlab-dm/gitlab/medusa/tests/unit/../assets/stl/ascii/sample_asciii_cube.stl'
[2026-02-11 15:58:22.365] [debug] [thread 478124] [MeshLoader] Assimp flags: Triangulate|GenNormals|ValidateDataStructure|JoinIdenticalVertices|FixInfacingNormals
[2026-02-11 15:58:22.367] [debug] [thread 478124] [MeshLoader] Assimp loaded scene: 1 mesh(es)
[2026-02-11 15:58:22.367] [debug] [thread 478124] [MeshLoader] Scene totals: 24 vertices, 12 faces
[2026-02-11 15:58:22.367] [debug] [thread 478124] [MeshLoader] Mesh[0]: 24 vertices, 12 faces, normals=yes
[2026-02-11 15:58:22.367] [info] [thread 478124] [MeshLoader] Successfully loaded '/Users/adriangabriel.axtmann/gitlab-dm/gitlab/medusa/tests/unit/../assets/stl/ascii/sample_asciii_cube.stl'
[2026-02-11 15:58:22.367] [info] [thread 478124] [MeshLoader]   Vertices: 36
[2026-02-11 15:58:22.367] [info] [thread 478124] [MeshLoader]   Triangles: 12
[2026-02-11 15:58:22.367] [info] [thread 478124] [MeshLoader]   Skipped faces (non-triangle): 0
[2026-02-11 15:58:22.367] [info] [thread 478124] [MeshLoader]   Degenerate normals fixed: 0
[2026-02-11 15:58:22.367] [info] [thread 478124] [MeshLoader]   Bounding Box Min: (0.000, -20.000, 0.000)
[2026-02-11 15:58:22.367] [info] [thread 478124] [MeshLoader]   Bounding Box Max: (20.000, 0.000, 20.000)
[2026-02-11 15:58:22.367] [info] [thread 478124] [MeshLoader]   Bounding Box Center: (10.000, -10.000, 10.000)
[2026-02-11 15:58:22.367] [info] [thread 478124] [MeshLoader]   Bounding Radius: 10.000
[2026-02-11 15:58:22.368] [debug] [thread 478124] [MeshLoader] Starting load: '/Users/adriangabriel.axtmann/gitlab-dm/gitlab/medusa/tests/unit/../assets/stl/ascii/sample_asciii_cube.stl'
[2026-02-11 15:58:22.368] [debug] [thread 478124] [MeshLoader] Assimp flags: Triangulate|GenNormals|ValidateDataStructure|JoinIdenticalVertices|FixInfacingNormals
[2026-02-11 15:58:22.369] [debug] [thread 478124] [MeshLoader] Assimp loaded scene: 1 mesh(es)
[2026-02-11 15:58:22.369] [debug] [thread 478124] [MeshLoader] Scene totals: 24 vertices, 12 faces
[2026-02-11 15:58:22.369] [debug] [thread 478124] [MeshLoader] Mesh[0]: 24 vertices, 12 faces, normals=yes
[2026-02-11 15:58:22.369] [info] [thread 478124] [MeshLoader] Successfully loaded '/Users/adriangabriel.axtmann/gitlab-dm/gitlab/medusa/tests/unit/../assets/stl/ascii/sample_asciii_cube.stl'
[2026-02-11 15:58:22.369] [info] [thread 478124] [MeshLoader]   Vertices: 36
[2026-02-11 15:58:22.369] [info] [thread 478124] [MeshLoader]   Triangles: 12
[2026-02-11 15:58:22.369] [info] [thread 478124] [MeshLoader]   Skipped faces (non-triangle): 0
[2026-02-11 15:58:22.369] [info] [thread 478124] [MeshLoader]   Degenerate normals fixed: 0
[2026-02-11 15:58:22.369] [info] [thread 478124] [MeshLoader]   Bounding Box Min: (0.000, -20.000, 0.000)
[2026-02-11 15:58:22.369] [info] [thread 478124] [MeshLoader]   Bounding Box Max: (20.000, 0.000, 20.000)
[2026-02-11 15:58:22.369] [info] [thread 478124] [MeshLoader]   Bounding Box Center: (10.000, -10.000, 10.000)
[2026-02-11 15:58:22.369] [info] [thread 478124] [MeshLoader]   Bounding Radius: 10.000
[2026-02-11 15:58:22.369] [debug] [thread 478124] [MeshLoader] Starting load: '/Users/adriangabriel.axtmann/gitlab-dm/gitlab/medusa/tests/unit/../assets/stl/ascii/sample_asciii_cube.stl'
[2026-02-11 15:58:22.369] [debug] [thread 478124] [MeshLoader] Assimp flags: Triangulate|GenNormals|ValidateDataStructure|JoinIdenticalVertices|FixInfacingNormals
[2026-02-11 15:58:22.369] [debug] [thread 478124] [MeshLoader] Assimp loaded scene: 1 mesh(es)
[2026-02-11 15:58:22.369] [debug] [thread 478124] [MeshLoader] Scene totals: 24 vertices, 12 faces
[2026-02-11 15:58:22.369] [debug] [thread 478124] [MeshLoader] Mesh[0]: 24 vertices, 12 faces, normals=yes
[2026-02-11 15:58:22.369] [info] [thread 478124] [MeshLoader] Successfully loaded '/Users/adriangabriel.axtmann/gitlab-dm/gitlab/medusa/tests/unit/../assets/stl/ascii/sample_asciii_cube.stl'
[2026-02-11 15:58:22.369] [info] [thread 478124] [MeshLoader]   Vertices: 36
[2026-02-11 15:58:22.369] [info] [thread 478124] [MeshLoader]   Triangles: 12
[2026-02-11 15:58:22.369] [info] [thread 478124] [MeshLoader]   Skipped faces (non-triangle): 0
[2026-02-11 15:58:22.369] [info] [thread 478124] [MeshLoader]   Degenerate normals fixed: 0
[2026-02-11 15:58:22.369] [info] [thread 478124] [MeshLoader]   Bounding Box Min: (0.000, -20.000, 0.000)
[2026-02-11 15:58:22.369] [info] [thread 478124] [MeshLoader]   Bounding Box Max: (20.000, 0.000, 20.000)
[2026-02-11 15:58:22.369] [info] [thread 478124] [MeshLoader]   Bounding Box Center: (10.000, -10.000, 10.000)
[2026-02-11 15:58:22.369] [info] [thread 478124] [MeshLoader]   Bounding Radius: 10.000
[2026-02-11 15:58:22.369] [debug] [thread 478124] [MeshLoader] Starting load: '/Users/adriangabriel.axtmann/gitlab-dm/gitlab/medusa/tests/unit/../assets/stl/ascii/sample_asciii_cube.stl'
[2026-02-11 15:58:22.369] [debug] [thread 478124] [MeshLoader] Assimp flags: Triangulate|GenNormals|ValidateDataStructure|JoinIdenticalVertices|FixInfacingNormals
[2026-02-11 15:58:22.370] [debug] [thread 478124] [MeshLoader] Assimp loaded scene: 1 mesh(es)
[2026-02-11 15:58:22.370] [debug] [thread 478124] [MeshLoader] Scene totals: 24 vertices, 12 faces
[2026-02-11 15:58:22.370] [debug] [thread 478124] [MeshLoader] Mesh[0]: 24 vertices, 12 faces, normals=yes
[2026-02-11 15:58:22.370] [info] [thread 478124] [MeshLoader] Successfully loaded '/Users/adriangabriel.axtmann/gitlab-dm/gitlab/medusa/tests/unit/../assets/stl/ascii/sample_asciii_cube.stl'
[2026-02-11 15:58:22.370] [info] [thread 478124] [MeshLoader]   Vertices: 36
[2026-02-11 15:58:22.370] [info] [thread 478124] [MeshLoader]   Triangles: 12
[2026-02-11 15:58:22.370] [info] [thread 478124] [MeshLoader]   Skipped faces (non-triangle): 0
[2026-02-11 15:58:22.370] [info] [thread 478124] [MeshLoader]   Degenerate normals fixed: 0
[2026-02-11 15:58:22.370] [info] [thread 478124] [MeshLoader]   Bounding Box Min: (0.000, -20.000, 0.000)
[2026-02-11 15:58:22.370] [info] [thread 478124] [MeshLoader]   Bounding Box Max: (20.000, 0.000, 20.000)
[2026-02-11 15:58:22.370] [info] [thread 478124] [MeshLoader]   Bounding Box Center: (10.000, -10.000, 10.000)
[2026-02-11 15:58:22.370] [info] [thread 478124] [MeshLoader]   Bounding Radius: 10.000
[2026-02-11 15:58:22.370] [debug] [thread 478124] [MeshLoader] Starting load: '/Users/adriangabriel.axtmann/gitlab-dm/gitlab/medusa/tests/unit/../assets/stl/binary/sample_binary_cube.stl'
[2026-02-11 15:58:22.370] [debug] [thread 478124] [MeshLoader] Assimp flags: Triangulate|GenNormals|ValidateDataStructure|JoinIdenticalVertices|FixInfacingNormals
[2026-02-11 15:58:22.371] [debug] [thread 478124] [MeshLoader] Assimp loaded scene: 1 mesh(es)
[2026-02-11 15:58:22.371] [debug] [thread 478124] [MeshLoader] Scene totals: 24 vertices, 12 faces
[2026-02-11 15:58:22.371] [debug] [thread 478124] [MeshLoader] Mesh[0]: 24 vertices, 12 faces, normals=yes
[2026-02-11 15:58:22.371] [info] [thread 478124] [MeshLoader] Successfully loaded '/Users/adriangabriel.axtmann/gitlab-dm/gitlab/medusa/tests/unit/../assets/stl/binary/sample_binary_cube.stl'
[2026-02-11 15:58:22.371] [info] [thread 478124] [MeshLoader]   Vertices: 36
[2026-02-11 15:58:22.371] [info] [thread 478124] [MeshLoader]   Triangles: 12
[2026-02-11 15:58:22.371] [info] [thread 478124] [MeshLoader]   Skipped faces (non-triangle): 0
[2026-02-11 15:58:22.371] [info] [thread 478124] [MeshLoader]   Degenerate normals fixed: 0
[2026-02-11 15:58:22.371] [info] [thread 478124] [MeshLoader]   Bounding Box Min: (0.000, 0.000, 0.000)
[2026-02-11 15:58:22.371] [info] [thread 478124] [MeshLoader]   Bounding Box Max: (30.000, 30.000, 30.000)
[2026-02-11 15:58:22.371] [info] [thread 478124] [MeshLoader]   Bounding Box Center: (15.000, 15.000, 15.000)
[2026-02-11 15:58:22.371] [info] [thread 478124] [MeshLoader]   Bounding Radius: 15.000
[2026-02-11 15:58:22.371] [debug] [thread 478124] [MeshLoader] Starting load: '/Users/adriangabriel.axtmann/gitlab-dm/gitlab/medusa/tests/unit/../assets/stl/binary/sample_binary_cube.stl'
[2026-02-11 15:58:22.371] [debug] [thread 478124] [MeshLoader] Assimp flags: Triangulate|GenNormals|ValidateDataStructure|JoinIdenticalVertices|FixInfacingNormals
[2026-02-11 15:58:22.371] [debug] [thread 478124] [MeshLoader] Assimp loaded scene: 1 mesh(es)
[2026-02-11 15:58:22.371] [debug] [thread 478124] [MeshLoader] Scene totals: 24 vertices, 12 faces
[2026-02-11 15:58:22.371] [debug] [thread 478124] [MeshLoader] Mesh[0]: 24 vertices, 12 faces, normals=yes
[2026-02-11 15:58:22.371] [info] [thread 478124] [MeshLoader] Successfully loaded '/Users/adriangabriel.axtmann/gitlab-dm/gitlab/medusa/tests/unit/../assets/stl/binary/sample_binary_cube.stl'
[2026-02-11 15:58:22.371] [info] [thread 478124] [MeshLoader]   Vertices: 36
[2026-02-11 15:58:22.371] [info] [thread 478124] [MeshLoader]   Triangles: 12
[2026-02-11 15:58:22.371] [info] [thread 478124] [MeshLoader]   Skipped faces (non-triangle): 0
[2026-02-11 15:58:22.371] [info] [thread 478124] [MeshLoader]   Degenerate normals fixed: 0
[2026-02-11 15:58:22.371] [info] [thread 478124] [MeshLoader]   Bounding Box Min: (0.000, 0.000, 0.000)
[2026-02-11 15:58:22.371] [info] [thread 478124] [MeshLoader]   Bounding Box Max: (30.000, 30.000, 30.000)
[2026-02-11 15:58:22.371] [info] [thread 478124] [MeshLoader]   Bounding Box Center: (15.000, 15.000, 15.000)
[2026-02-11 15:58:22.372] [info] [thread 478124] [MeshLoader]   Bounding Radius: 15.000
[2026-02-11 15:58:22.372] [debug] [thread 478124] [MeshLoader] Starting load: '/Users/adriangabriel.axtmann/gitlab-dm/gitlab/medusa/tests/unit/../assets/stl/binary/sample_binary_cube.stl'
[2026-02-11 15:58:22.372] [debug] [thread 478124] [MeshLoader] Assimp flags: Triangulate|GenNormals|ValidateDataStructure|JoinIdenticalVertices|FixInfacingNormals
[2026-02-11 15:58:22.372] [debug] [thread 478124] [MeshLoader] Assimp loaded scene: 1 mesh(es)
[2026-02-11 15:58:22.372] [debug] [thread 478124] [MeshLoader] Scene totals: 24 vertices, 12 faces
[2026-02-11 15:58:22.372] [debug] [thread 478124] [MeshLoader] Mesh[0]: 24 vertices, 12 faces, normals=yes
[2026-02-11 15:58:22.372] [info] [thread 478124] [MeshLoader] Successfully loaded '/Users/adriangabriel.axtmann/gitlab-dm/gitlab/medusa/tests/unit/../assets/stl/binary/sample_binary_cube.stl'
[2026-02-11 15:58:22.372] [info] [thread 478124] [MeshLoader]   Vertices: 36
[2026-02-11 15:58:22.372] [info] [thread 478124] [MeshLoader]   Triangles: 12
[2026-02-11 15:58:22.372] [info] [thread 478124] [MeshLoader]   Skipped faces (non-triangle): 0
[2026-02-11 15:58:22.372] [info] [thread 478124] [MeshLoader]   Degenerate normals fixed: 0
[2026-02-11 15:58:22.372] [info] [thread 478124] [MeshLoader]   Bounding Box Min: (0.000, 0.000, 0.000)
[2026-02-11 15:58:22.372] [info] [thread 478124] [MeshLoader]   Bounding Box Max: (30.000, 30.000, 30.000)
[2026-02-11 15:58:22.372] [info] [thread 478124] [MeshLoader]   Bounding Box Center: (15.000, 15.000, 15.000)
[2026-02-11 15:58:22.372] [info] [thread 478124] [MeshLoader]   Bounding Radius: 15.000
[2026-02-11 15:58:22.372] [debug] [thread 478124] [MeshLoader] Starting load: '/Users/adriangabriel.axtmann/gitlab-dm/gitlab/medusa/tests/unit/../assets/obj/sample_binary_cube.obj'
[2026-02-11 15:58:22.372] [debug] [thread 478124] [MeshLoader] Assimp flags: Triangulate|GenNormals|ValidateDataStructure|JoinIdenticalVertices|FixInfacingNormals
[2026-02-11 15:58:22.558] [debug] [thread 478124] [MeshLoader] Assimp loaded scene: 1 mesh(es)
[2026-02-11 15:58:22.558] [debug] [thread 478124] [MeshLoader] Scene totals: 24 vertices, 12 faces
[2026-02-11 15:58:22.558] [debug] [thread 478124] [MeshLoader] Mesh[0]: 24 vertices, 12 faces, normals=yes
[2026-02-11 15:58:22.558] [info] [thread 478124] [MeshLoader] Successfully loaded '/Users/adriangabriel.axtmann/gitlab-dm/gitlab/medusa/tests/unit/../assets/obj/sample_binary_cube.obj'
[2026-02-11 15:58:22.558] [info] [thread 478124] [MeshLoader]   Vertices: 36
[2026-02-11 15:58:22.558] [info] [thread 478124] [MeshLoader]   Triangles: 12
[2026-02-11 15:58:22.558] [info] [thread 478124] [MeshLoader]   Skipped faces (non-triangle): 0
[2026-02-11 15:58:22.558] [info] [thread 478124] [MeshLoader]   Degenerate normals fixed: 0
[2026-02-11 15:58:22.558] [info] [thread 478124] [MeshLoader]   Bounding Box Min: (0.000, 0.000, 0.000)
[2026-02-11 15:58:22.558] [info] [thread 478124] [MeshLoader]   Bounding Box Max: (1.000, 1.000, 1.000)
[2026-02-11 15:58:22.558] [info] [thread 478124] [MeshLoader]   Bounding Box Center: (0.500, 0.500, 0.500)
[2026-02-11 15:58:22.558] [info] [thread 478124] [MeshLoader]   Bounding Radius: 0.500
[2026-02-11 15:58:22.558] [debug] [thread 478124] [MeshLoader] Starting load: '/Users/adriangabriel.axtmann/gitlab-dm/gitlab/medusa/tests/unit/../assets/obj/sample_binary_cube.obj'
[2026-02-11 15:58:22.558] [debug] [thread 478124] [MeshLoader] Assimp flags: Triangulate|GenNormals|ValidateDataStructure|JoinIdenticalVertices|FixInfacingNormals
[2026-02-11 15:58:22.748] [debug] [thread 478124] [MeshLoader] Assimp loaded scene: 1 mesh(es)
[2026-02-11 15:58:22.748] [debug] [thread 478124] [MeshLoader] Scene totals: 24 vertices, 12 faces
[2026-02-11 15:58:22.748] [debug] [thread 478124] [MeshLoader] Mesh[0]: 24 vertices, 12 faces, normals=yes
[2026-02-11 15:58:22.748] [info] [thread 478124] [MeshLoader] Successfully loaded '/Users/adriangabriel.axtmann/gitlab-dm/gitlab/medusa/tests/unit/../assets/obj/sample_binary_cube.obj'
[2026-02-11 15:58:22.748] [info] [thread 478124] [MeshLoader]   Vertices: 36
[2026-02-11 15:58:22.748] [info] [thread 478124] [MeshLoader]   Triangles: 12
[2026-02-11 15:58:22.748] [info] [thread 478124] [MeshLoader]   Skipped faces (non-triangle): 0
[2026-02-11 15:58:22.748] [info] [thread 478124] [MeshLoader]   Degenerate normals fixed: 0
[2026-02-11 15:58:22.748] [info] [thread 478124] [MeshLoader]   Bounding Box Min: (0.000, 0.000, 0.000)
[2026-02-11 15:58:22.748] [info] [thread 478124] [MeshLoader]   Bounding Box Max: (1.000, 1.000, 1.000)
[2026-02-11 15:58:22.748] [info] [thread 478124] [MeshLoader]   Bounding Box Center: (0.500, 0.500, 0.500)
[2026-02-11 15:58:22.748] [info] [thread 478124] [MeshLoader]   Bounding Radius: 0.500
[2026-02-11 15:58:22.748] [debug] [thread 478124] [MeshLoader] Starting load: '/Users/adriangabriel.axtmann/gitlab-dm/gitlab/medusa/tests/unit/../assets/obj/sample_binary_cube.obj'
[2026-02-11 15:58:22.748] [debug] [thread 478124] [MeshLoader] Assimp flags: Triangulate|GenNormals|ValidateDataStructure|JoinIdenticalVertices|FixInfacingNormals
[2026-02-11 15:58:22.932] [debug] [thread 478124] [MeshLoader] Assimp loaded scene: 1 mesh(es)
[2026-02-11 15:58:22.932] [debug] [thread 478124] [MeshLoader] Scene totals: 24 vertices, 12 faces
[2026-02-11 15:58:22.932] [debug] [thread 478124] [MeshLoader] Mesh[0]: 24 vertices, 12 faces, normals=yes
[2026-02-11 15:58:22.932] [info] [thread 478124] [MeshLoader] Successfully loaded '/Users/adriangabriel.axtmann/gitlab-dm/gitlab/medusa/tests/unit/../assets/obj/sample_binary_cube.obj'
[2026-02-11 15:58:22.932] [info] [thread 478124] [MeshLoader]   Vertices: 36
[2026-02-11 15:58:22.932] [info] [thread 478124] [MeshLoader]   Triangles: 12
[2026-02-11 15:58:22.932] [info] [thread 478124] [MeshLoader]   Skipped faces (non-triangle): 0
[2026-02-11 15:58:22.932] [info] [thread 478124] [MeshLoader]   Degenerate normals fixed: 0
[2026-02-11 15:58:22.932] [info] [thread 478124] [MeshLoader]   Bounding Box Min: (0.000, 0.000, 0.000)
[2026-02-11 15:58:22.932] [info] [thread 478124] [MeshLoader]   Bounding Box Max: (1.000, 1.000, 1.000)
[2026-02-11 15:58:22.932] [info] [thread 478124] [MeshLoader]   Bounding Box Center: (0.500, 0.500, 0.500)
[2026-02-11 15:58:22.932] [info] [thread 478124] [MeshLoader]   Bounding Radius: 0.500
[2026-02-11 15:58:22.932] [debug] [thread 478124] [MeshLoader] Starting load: '/Users/adriangabriel.axtmann/gitlab-dm/gitlab/medusa/tests/unit/../assets/obj/sample_binary_cube.obj'
[2026-02-11 15:58:22.932] [debug] [thread 478124] [MeshLoader] Assimp flags: Triangulate|GenNormals|ValidateDataStructure|JoinIdenticalVertices|FixInfacingNormals
[2026-02-11 15:58:23.114] [debug] [thread 478124] [MeshLoader] Assimp loaded scene: 1 mesh(es)
[2026-02-11 15:58:23.114] [debug] [thread 478124] [MeshLoader] Scene totals: 24 vertices, 12 faces
[2026-02-11 15:58:23.114] [debug] [thread 478124] [MeshLoader] Mesh[0]: 24 vertices, 12 faces, normals=yes
[2026-02-11 15:58:23.114] [info] [thread 478124] [MeshLoader] Successfully loaded '/Users/adriangabriel.axtmann/gitlab-dm/gitlab/medusa/tests/unit/../assets/obj/sample_binary_cube.obj'
[2026-02-11 15:58:23.114] [info] [thread 478124] [MeshLoader]   Vertices: 36
[2026-02-11 15:58:23.114] [info] [thread 478124] [MeshLoader]   Triangles: 12
[2026-02-11 15:58:23.114] [info] [thread 478124] [MeshLoader]   Skipped faces (non-triangle): 0
[2026-02-11 15:58:23.114] [info] [thread 478124] [MeshLoader]   Degenerate normals fixed: 0
[2026-02-11 15:58:23.114] [info] [thread 478124] [MeshLoader]   Bounding Box Min: (0.000, 0.000, 0.000)
[2026-02-11 15:58:23.114] [info] [thread 478124] [MeshLoader]   Bounding Box Max: (1.000, 1.000, 1.000)
[2026-02-11 15:58:23.114] [info] [thread 478124] [MeshLoader]   Bounding Box Center: (0.500, 0.500, 0.500)
[2026-02-11 15:58:23.114] [info] [thread 478124] [MeshLoader]   Bounding Radius: 0.500
[2026-02-11 15:58:23.114] [debug] [thread 478124] [MeshLoader] Starting load: '/Users/adriangabriel.axtmann/gitlab-dm/gitlab/medusa/tests/unit/../assets/nonexistent.stl'
[2026-02-11 15:58:23.114] [debug] [thread 478124] [MeshLoader] Assimp flags: Triangulate|GenNormals|ValidateDataStructure|JoinIdenticalVertices|FixInfacingNormals
[2026-02-11 15:58:23.114] [error] [thread 478124] [MeshLoader] Assimp failed to load '/Users/adriangabriel.axtmann/gitlab-dm/gitlab/medusa/tests/unit/../assets/nonexistent.stl': Unable to open file "/Users/adriangabriel.axtmann/gitlab-dm/gitlab/medusa/tests/unit/../assets/nonexistent.stl".
[2026-02-11 15:58:23.114] [debug] [thread 478124] [MeshLoader] Starting load: '/Users/adriangabriel.axtmann/gitlab-dm/gitlab/medusa/tests/unit/../assets/stl/ascii/sample_asciii_cube.fbx'
[2026-02-11 15:58:23.114] [warning] [thread 478124] [MeshLoader] Unsupported format (only STL/OBJ): '/Users/adriangabriel.axtmann/gitlab-dm/gitlab/medusa/tests/unit/../assets/stl/ascii/sample_asciii_cube.fbx'
[2026-02-11 15:58:23.114] [debug] [thread 478124] [MeshLoader] Starting load: ''
[2026-02-11 15:58:23.114] [warning] [thread 478124] [MeshLoader] Unsupported format (only STL/OBJ): ''
[2026-02-11 15:58:23.115] [debug] [thread 478124] [MeshLoader] Trying 2 candidate path(s)
[2026-02-11 15:58:23.115] [debug] [thread 478124] [MeshLoader] Starting load: '/Users/adriangabriel.axtmann/gitlab-dm/gitlab/medusa/tests/unit/../assets/stl/ascii/sample_asciii_cube.stl'
[2026-02-11 15:58:23.115] [debug] [thread 478124] [MeshLoader] Assimp flags: Triangulate|GenNormals|ValidateDataStructure|JoinIdenticalVertices|FixInfacingNormals
[2026-02-11 15:58:23.115] [debug] [thread 478124] [MeshLoader] Assimp loaded scene: 1 mesh(es)
[2026-02-11 15:58:23.115] [debug] [thread 478124] [MeshLoader] Scene totals: 24 vertices, 12 faces
[2026-02-11 15:58:23.115] [debug] [thread 478124] [MeshLoader] Mesh[0]: 24 vertices, 12 faces, normals=yes
[2026-02-11 15:58:23.115] [info] [thread 478124] [MeshLoader] Successfully loaded '/Users/adriangabriel.axtmann/gitlab-dm/gitlab/medusa/tests/unit/../assets/stl/ascii/sample_asciii_cube.stl'
[2026-02-11 15:58:23.115] [info] [thread 478124] [MeshLoader]   Vertices: 36
[2026-02-11 15:58:23.115] [info] [thread 478124] [MeshLoader]   Triangles: 12
[2026-02-11 15:58:23.115] [info] [thread 478124] [MeshLoader]   Skipped faces (non-triangle): 0
[2026-02-11 15:58:23.115] [info] [thread 478124] [MeshLoader]   Degenerate normals fixed: 0
[2026-02-11 15:58:23.115] [info] [thread 478124] [MeshLoader]   Bounding Box Min: (0.000, -20.000, 0.000)
[2026-02-11 15:58:23.115] [info] [thread 478124] [MeshLoader]   Bounding Box Max: (20.000, 0.000, 20.000)
[2026-02-11 15:58:23.115] [info] [thread 478124] [MeshLoader]   Bounding Box Center: (10.000, -10.000, 10.000)
[2026-02-11 15:58:23.115] [info] [thread 478124] [MeshLoader]   Bounding Radius: 10.000
[2026-02-11 15:58:23.115] [debug] [thread 478124] [MeshLoader] Trying 2 candidate path(s)
[2026-02-11 15:58:23.115] [debug] [thread 478124] [MeshLoader] Starting load: '/Users/adriangabriel.axtmann/gitlab-dm/gitlab/medusa/tests/unit/../assets/nonexistent.stl'
[2026-02-11 15:58:23.115] [debug] [thread 478124] [MeshLoader] Assimp flags: Triangulate|GenNormals|ValidateDataStructure|JoinIdenticalVertices|FixInfacingNormals
[2026-02-11 15:58:23.115] [error] [thread 478124] [MeshLoader] Assimp failed to load '/Users/adriangabriel.axtmann/gitlab-dm/gitlab/medusa/tests/unit/../assets/nonexistent.stl': Unable to open file "/Users/adriangabriel.axtmann/gitlab-dm/gitlab/medusa/tests/unit/../assets/nonexistent.stl".
[2026-02-11 15:58:23.115] [debug] [thread 478124] [MeshLoader] Starting load: '/Users/adriangabriel.axtmann/gitlab-dm/gitlab/medusa/tests/unit/../assets/stl/binary/sample_binary_cube.stl'
[2026-02-11 15:58:23.115] [debug] [thread 478124] [MeshLoader] Assimp flags: Triangulate|GenNormals|ValidateDataStructure|JoinIdenticalVertices|FixInfacingNormals
[2026-02-11 15:58:23.116] [debug] [thread 478124] [MeshLoader] Assimp loaded scene: 1 mesh(es)
[2026-02-11 15:58:23.116] [debug] [thread 478124] [MeshLoader] Scene totals: 24 vertices, 12 faces
[2026-02-11 15:58:23.116] [debug] [thread 478124] [MeshLoader] Mesh[0]: 24 vertices, 12 faces, normals=yes
[2026-02-11 15:58:23.116] [info] [thread 478124] [MeshLoader] Successfully loaded '/Users/adriangabriel.axtmann/gitlab-dm/gitlab/medusa/tests/unit/../assets/stl/binary/sample_binary_cube.stl'
[2026-02-11 15:58:23.116] [info] [thread 478124] [MeshLoader]   Vertices: 36
[2026-02-11 15:58:23.116] [info] [thread 478124] [MeshLoader]   Triangles: 12
[2026-02-11 15:58:23.116] [info] [thread 478124] [MeshLoader]   Skipped faces (non-triangle): 0
[2026-02-11 15:58:23.116] [info] [thread 478124] [MeshLoader]   Degenerate normals fixed: 0
[2026-02-11 15:58:23.116] [info] [thread 478124] [MeshLoader]   Bounding Box Min: (0.000, 0.000, 0.000)
[2026-02-11 15:58:23.116] [info] [thread 478124] [MeshLoader]   Bounding Box Max: (30.000, 30.000, 30.000)
[2026-02-11 15:58:23.116] [info] [thread 478124] [MeshLoader]   Bounding Box Center: (15.000, 15.000, 15.000)
[2026-02-11 15:58:23.116] [info] [thread 478124] [MeshLoader]   Bounding Radius: 15.000
[2026-02-11 15:58:23.116] [debug] [thread 478124] [MeshLoader] Trying 2 candidate path(s)
[2026-02-11 15:58:23.116] [debug] [thread 478124] [MeshLoader] Starting load: '/Users/adriangabriel.axtmann/gitlab-dm/gitlab/medusa/tests/unit/../assets/nonexistent1.stl'
[2026-02-11 15:58:23.116] [debug] [thread 478124] [MeshLoader] Assimp flags: Triangulate|GenNormals|ValidateDataStructure|JoinIdenticalVertices|FixInfacingNormals
[2026-02-11 15:58:23.116] [error] [thread 478124] [MeshLoader] Assimp failed to load '/Users/adriangabriel.axtmann/gitlab-dm/gitlab/medusa/tests/unit/../assets/nonexistent1.stl': Unable to open file "/Users/adriangabriel.axtmann/gitlab-dm/gitlab/medusa/tests/unit/../assets/nonexistent1.stl".
[2026-02-11 15:58:23.116] [debug] [thread 478124] [MeshLoader] Starting load: '/Users/adriangabriel.axtmann/gitlab-dm/gitlab/medusa/tests/unit/../assets/nonexistent2.stl'
[2026-02-11 15:58:23.116] [debug] [thread 478124] [MeshLoader] Assimp flags: Triangulate|GenNormals|ValidateDataStructure|JoinIdenticalVertices|FixInfacingNormals
[2026-02-11 15:58:23.116] [error] [thread 478124] [MeshLoader] Assimp failed to load '/Users/adriangabriel.axtmann/gitlab-dm/gitlab/medusa/tests/unit/../assets/nonexistent2.stl': Unable to open file "/Users/adriangabriel.axtmann/gitlab-dm/gitlab/medusa/tests/unit/../assets/nonexistent2.stl".
[2026-02-11 15:58:23.116] [warning] [thread 478124] [MeshLoader] No valid mesh found in 2 candidate(s)
[2026-02-11 15:58:23.116] [debug] [thread 478124] [MeshLoader] Trying 0 candidate path(s)
[2026-02-11 15:58:23.116] [warning] [thread 478124] [MeshLoader] No valid mesh found in 0 candidate(s)
[2026-02-11 15:58:42.191] [info] [thread 478551] Async logger initialized (console=debug, file=debug)
[2026-02-11 15:58:42.191] [debug] [thread 478551] [MeshLoader] Starting load: '/Users/adriangabriel.axtmann/gitlab-dm/gitlab/medusa/tests/integration/../assets/stl/ascii/sample_asciii_cube.stl'
[2026-02-11 15:58:42.192] [debug] [thread 478551] [MeshLoader] Assimp flags: Triangulate|GenNormals|ValidateDataStructure|JoinIdenticalVertices|FixInfacingNormals
[2026-02-11 15:58:42.193] [debug] [thread 478551] [MeshLoader] Assimp loaded scene: 1 mesh(es)
[2026-02-11 15:58:42.193] [debug] [thread 478551] [MeshLoader] Scene totals: 24 vertices, 12 faces
[2026-02-11 15:58:42.193] [debug] [thread 478551] [MeshLoader] Mesh[0]: 24 vertices, 12 faces, normals=yes
[2026-02-11 15:58:42.194] [info] [thread 478551] [MeshLoader] Successfully loaded '/Users/adriangabriel.axtmann/gitlab-dm/gitlab/medusa/tests/integration/../assets/stl/ascii/sample_asciii_cube.stl'
[2026-02-11 15:58:42.194] [info] [thread 478551] [MeshLoader]   Vertices: 36
[2026-02-11 15:58:42.194] [info] [thread 478551] [MeshLoader]   Triangles: 12
[2026-02-11 15:58:42.194] [info] [thread 478551] [MeshLoader]   Skipped faces (non-triangle): 0
[2026-02-11 15:58:42.194] [info] [thread 478551] [MeshLoader]   Degenerate normals fixed: 0
[2026-02-11 15:58:42.194] [info] [thread 478551] [MeshLoader]   Bounding Box Min: (0.000, -20.000, 0.000)
[2026-02-11 15:58:42.194] [info] [thread 478551] [MeshLoader]   Bounding Box Max: (20.000, 0.000, 20.000)
[2026-02-11 15:58:42.194] [info] [thread 478551] [MeshLoader]   Bounding Box Center: (10.000, -10.000, 10.000)
[2026-02-11 15:58:42.194] [info] [thread 478551] [MeshLoader]   Bounding Radius: 10.000
[2026-02-11 15:58:42.194] [debug] [thread 478551] [MeshLoader] Starting load: '/Users/adriangabriel.axtmann/gitlab-dm/gitlab/medusa/tests/integration/../assets/stl/binary/sample_binary_cube.stl'
[2026-02-11 15:58:42.194] [debug] [thread 478551] [MeshLoader] Assimp flags: Triangulate|GenNormals|ValidateDataStructure|JoinIdenticalVertices|FixInfacingNormals
[2026-02-11 15:58:42.195] [debug] [thread 478551] [MeshLoader] Assimp loaded scene: 1 mesh(es)
[2026-02-11 15:58:42.195] [debug] [thread 478551] [MeshLoader] Scene totals: 24 vertices, 12 faces
[2026-02-11 15:58:42.195] [debug] [thread 478551] [MeshLoader] Mesh[0]: 24 vertices, 12 faces, normals=yes
[2026-02-11 15:58:42.195] [info] [thread 478551] [MeshLoader] Successfully loaded '/Users/adriangabriel.axtmann/gitlab-dm/gitlab/medusa/tests/integration/../assets/stl/binary/sample_binary_cube.stl'
[2026-02-11 15:58:42.195] [info] [thread 478551] [MeshLoader]   Vertices: 36
[2026-02-11 15:58:42.195] [info] [thread 478551] [MeshLoader]   Triangles: 12
[2026-02-11 15:58:42.195] [info] [thread 478551] [MeshLoader]   Skipped faces (non-triangle): 0
[2026-02-11 15:58:42.195] [info] [thread 478551] [MeshLoader]   Degenerate normals fixed: 0
[2026-02-11 15:58:42.195] [info] [thread 478551] [MeshLoader]   Bounding Box Min: (0.000, 0.000, 0.000)
[2026-02-11 15:58:42.195] [info] [thread 478551] [MeshLoader]   Bounding Box Max: (30.000, 30.000, 30.000)
[2026-02-11 15:58:42.195] [info] [thread 478551] [MeshLoader]   Bounding Box Center: (15.000, 15.000, 15.000)
[2026-02-11 15:58:42.195] [info] [thread 478551] [MeshLoader]   Bounding Radius: 15.000
[2026-02-11 15:58:42.195] [debug] [thread 478551] [MeshLoader] Starting load: '/Users/adriangabriel.axtmann/gitlab-dm/gitlab/medusa/tests/integration/../assets/obj/sample_binary_cube.obj'
[2026-02-11 15:58:42.195] [debug] [thread 478551] [MeshLoader] Assimp flags: Triangulate|GenNormals|ValidateDataStructure|JoinIdenticalVertices|FixInfacingNormals
[2026-02-11 15:58:42.374] [debug] [thread 478551] [MeshLoader] Assimp loaded scene: 1 mesh(es)
[2026-02-11 15:58:42.374] [debug] [thread 478551] [MeshLoader] Scene totals: 24 vertices, 12 faces
[2026-02-11 15:58:42.374] [debug] [thread 478551] [MeshLoader] Mesh[0]: 24 vertices, 12 faces, normals=yes
[2026-02-11 15:58:42.374] [info] [thread 478551] [MeshLoader] Successfully loaded '/Users/adriangabriel.axtmann/gitlab-dm/gitlab/medusa/tests/integration/../assets/obj/sample_binary_cube.obj'
[2026-02-11 15:58:42.374] [info] [thread 478551] [MeshLoader]   Vertices: 36
[2026-02-11 15:58:42.374] [info] [thread 478551] [MeshLoader]   Triangles: 12
[2026-02-11 15:58:42.374] [info] [thread 478551] [MeshLoader]   Skipped faces (non-triangle): 0
[2026-02-11 15:58:42.374] [info] [thread 478551] [MeshLoader]   Degenerate normals fixed: 0
[2026-02-11 15:58:42.374] [info] [thread 478551] [MeshLoader]   Bounding Box Min: (0.000, 0.000, 0.000)
[2026-02-11 15:58:42.374] [info] [thread 478551] [MeshLoader]   Bounding Box Max: (1.000, 1.000, 1.000)
[2026-02-11 15:58:42.374] [info] [thread 478551] [MeshLoader]   Bounding Box Center: (0.500, 0.500, 0.500)
[2026-02-11 15:58:42.374] [info] [thread 478551] [MeshLoader]   Bounding Radius: 0.500
[2026-02-11 15:58:42.374] [debug] [thread 478551] [MeshLoader] Starting load: '/Users/adriangabriel.axtmann/gitlab-dm/gitlab/medusa/tests/integration/../assets/stl/binary/sample_binary_cube.stl'
[2026-02-11 15:58:42.374] [debug] [thread 478551] [MeshLoader] Assimp flags: Triangulate|GenNormals|ValidateDataStructure|JoinIdenticalVertices|FixInfacingNormals
[2026-02-11 15:58:42.375] [debug] [thread 478551] [MeshLoader] Assimp loaded scene: 1 mesh(es)
[2026-02-11 15:58:42.375] [debug] [thread 478551] [MeshLoader] Scene totals: 24 vertices, 12 faces
[2026-02-11 15:58:42.375] [debug] [thread 478551] [MeshLoader] Mesh[0]: 24 vertices, 12 faces, normals=yes
[2026-02-11 15:58:42.375] [info] [thread 478551] [MeshLoader] Successfully loaded '/Users/adriangabriel.axtmann/gitlab-dm/gitlab/medusa/tests/integration/../assets/stl/binary/sample_binary_cube.stl'
[2026-02-11 15:58:42.375] [info] [thread 478551] [MeshLoader]   Vertices: 36
[2026-02-11 15:58:42.375] [info] [thread 478551] [MeshLoader]   Triangles: 12
[2026-02-11 15:58:42.375] [info] [thread 478551] [MeshLoader]   Skipped faces (non-triangle): 0
[2026-02-11 15:58:42.375] [info] [thread 478551] [MeshLoader]   Degenerate normals fixed: 0
[2026-02-11 15:58:42.375] [info] [thread 478551] [MeshLoader]   Bounding Box Min: (0.000, 0.000, 0.000)
[2026-02-11 15:58:42.375] [info] [thread 478551] [MeshLoader]   Bounding Box Max: (30.000, 30.000, 30.000)
[2026-02-11 15:58:42.375] [info] [thread 478551] [MeshLoader]   Bounding Box Center: (15.000, 15.000, 15.000)
[2026-02-11 15:58:42.375] [info] [thread 478551] [MeshLoader]   Bounding Radius: 15.000
[2026-02-11 15:58:42.375] [debug] [thread 478551] [MeshLoader] Starting load: '/Users/adriangabriel.axtmann/gitlab-dm/gitlab/medusa/tests/integration/../assets/stl/ascii/sample_asciii_cube.stl'
[2026-02-11 15:58:42.375] [debug] [thread 478551] [MeshLoader] Assimp flags: Triangulate|GenNormals|ValidateDataStructure|JoinIdenticalVertices|FixInfacingNormals
[2026-02-11 15:58:42.375] [debug] [thread 478551] [MeshLoader] Assimp loaded scene: 1 mesh(es)
[2026-02-11 15:58:42.375] [debug] [thread 478551] [MeshLoader] Scene totals: 24 vertices, 12 faces
[2026-02-11 15:58:42.375] [debug] [thread 478551] [MeshLoader] Mesh[0]: 24 vertices, 12 faces, normals=yes
[2026-02-11 15:58:42.375] [info] [thread 478551] [MeshLoader] Successfully loaded '/Users/adriangabriel.axtmann/gitlab-dm/gitlab/medusa/tests/integration/../assets/stl/ascii/sample_asciii_cube.stl'
[2026-02-11 15:58:42.375] [info] [thread 478551] [MeshLoader]   Vertices: 36
[2026-02-11 15:58:42.375] [info] [thread 478551] [MeshLoader]   Triangles: 12
[2026-02-11 15:58:42.375] [info] [thread 478551] [MeshLoader]   Skipped faces (non-triangle): 0
[2026-02-11 15:58:42.375] [info] [thread 478551] [MeshLoader]   Degenerate normals fixed: 0
[2026-02-11 15:58:42.375] [info] [thread 478551] [MeshLoader]   Bounding Box Min: (0.000, -20.000, 0.000)
[2026-02-11 15:58:42.375] [info] [thread 478551] [MeshLoader]   Bounding Box Max: (20.000, 0.000, 20.000)
[2026-02-11 15:58:42.375] [info] [thread 478551] [MeshLoader]   Bounding Box Center: (10.000, -10.000, 10.000)
[2026-02-11 15:58:42.375] [info] [thread 478551] [MeshLoader]   Bounding Radius: 10.000
[2026-02-11 15:58:42.375] [debug] [thread 478551] [MeshLoader] Starting load: '/Users/adriangabriel.axtmann/gitlab-dm/gitlab/medusa/tests/integration/../assets/stl/binary/sample_binary_cube.stl'
[2026-02-11 15:58:42.376] [debug] [thread 478551] [MeshLoader] Assimp flags: Triangulate|GenNormals|ValidateDataStructure|JoinIdenticalVertices|FixInfacingNormals
[2026-02-11 15:58:42.376] [debug] [thread 478551] [MeshLoader] Assimp loaded scene: 1 mesh(es)
[2026-02-11 15:58:42.376] [debug] [thread 478551] [MeshLoader] Scene totals: 24 vertices, 12 faces
[2026-02-11 15:58:42.376] [debug] [thread 478551] [MeshLoader] Mesh[0]: 24 vertices, 12 faces, normals=yes
[2026-02-11 15:58:42.376] [info] [thread 478551] [MeshLoader] Successfully loaded '/Users/adriangabriel.axtmann/gitlab-dm/gitlab/medusa/tests/integration/../assets/stl/binary/sample_binary_cube.stl'
[2026-02-11 15:58:42.376] [info] [thread 478551] [MeshLoader]   Vertices: 36
[2026-02-11 15:58:42.376] [info] [thread 478551] [MeshLoader]   Triangles: 12
[2026-02-11 15:58:42.376] [info] [thread 478551] [MeshLoader]   Skipped faces (non-triangle): 0
[2026-02-11 15:58:42.376] [info] [thread 478551] [MeshLoader]   Degenerate normals fixed: 0
[2026-02-11 15:58:42.376] [info] [thread 478551] [MeshLoader]   Bounding Box Min: (0.000, 0.000, 0.000)
[2026-02-11 15:58:42.376] [info] [thread 478551] [MeshLoader]   Bounding Box Max: (30.000, 30.000, 30.000)
[2026-02-11 15:58:42.376] [info] [thread 478551] [MeshLoader]   Bounding Box Center: (15.000, 15.000, 15.000)
[2026-02-11 15:58:42.376] [info] [thread 478551] [MeshLoader]   Bounding Radius: 15.000
[2026-02-11 15:58:42.376] [debug] [thread 478551] [MeshLoader] Starting load: '/Users/adriangabriel.axtmann/gitlab-dm/gitlab/medusa/tests/integration/../assets/obj/sample_binary_cube.obj'
[2026-02-11 15:58:42.376] [debug] [thread 478551] [MeshLoader] Assimp flags: Triangulate|GenNormals|ValidateDataStructure|JoinIdenticalVertices|FixInfacingNormals
[2026-02-11 15:58:42.556] [debug] [thread 478551] [MeshLoader] Assimp loaded scene: 1 mesh(es)
[2026-02-11 15:58:42.556] [debug] [thread 478551] [MeshLoader] Scene totals: 24 vertices, 12 faces
[2026-02-11 15:58:42.556] [debug] [thread 478551] [MeshLoader] Mesh[0]: 24 vertices, 12 faces, normals=yes
[2026-02-11 15:58:42.556] [info] [thread 478551] [MeshLoader] Successfully loaded '/Users/adriangabriel.axtmann/gitlab-dm/gitlab/medusa/tests/integration/../assets/obj/sample_binary_cube.obj'
[2026-02-11 15:58:42.556] [info] [thread 478551] [MeshLoader]   Vertices: 36
[2026-02-11 15:58:42.556] [info] [thread 478551] [MeshLoader]   Triangles: 12
[2026-02-11 15:58:42.556] [info] [thread 478551] [MeshLoader]   Skipped faces (non-triangle): 0
[2026-02-11 15:58:42.556] [info] [thread 478551] [MeshLoader]   Degenerate normals fixed: 0
[2026-02-11 15:58:42.556] [info] [thread 478551] [MeshLoader]   Bounding Box Min: (0.000, 0.000, 0.000)
[2026-02-11 15:58:42.556] [info] [thread 478551] [MeshLoader]   Bounding Box Max: (1.000, 1.000, 1.000)
[2026-02-11 15:58:42.556] [info] [thread 478551] [MeshLoader]   Bounding Box Center: (0.500, 0.500, 0.500)
[2026-02-11 15:58:42.556] [info] [thread 478551] [MeshLoader]   Bounding Radius: 0.500
[2026-02-11 15:58:42.556] [debug] [thread 478551] [MeshLoader] Starting load: '/Users/adriangabriel.axtmann/gitlab-dm/gitlab/medusa/tests/integration/../assets/stl/ascii/sample_asciii_cube.stl'
[2026-02-11 15:58:42.556] [debug] [thread 478551] [MeshLoader] Assimp flags: Triangulate|GenNormals|ValidateDataStructure|JoinIdenticalVertices|FixInfacingNormals
[2026-02-11 15:58:42.556] [debug] [thread 478551] [MeshLoader] Assimp loaded scene: 1 mesh(es)
[2026-02-11 15:58:42.556] [debug] [thread 478551] [MeshLoader] Scene totals: 24 vertices, 12 faces
[2026-02-11 15:58:42.556] [debug] [thread 478551] [MeshLoader] Mesh[0]: 24 vertices, 12 faces, normals=yes
[2026-02-11 15:58:42.556] [info] [thread 478551] [MeshLoader] Successfully loaded '/Users/adriangabriel.axtmann/gitlab-dm/gitlab/medusa/tests/integration/../assets/stl/ascii/sample_asciii_cube.stl'
[2026-02-11 15:58:42.556] [info] [thread 478551] [MeshLoader]   Vertices: 36
[2026-02-11 15:58:42.556] [info] [thread 478551] [MeshLoader]   Triangles: 12
[2026-02-11 15:58:42.556] [info] [thread 478551] [MeshLoader]   Skipped faces (non-triangle): 0
[2026-02-11 15:58:42.556] [info] [thread 478551] [MeshLoader]   Degenerate normals fixed: 0
[2026-02-11 15:58:42.556] [info] [thread 478551] [MeshLoader]   Bounding Box Min: (0.000, -20.000, 0.000)
[2026-02-11 15:58:42.556] [info] [thread 478551] [MeshLoader]   Bounding Box Max: (20.000, 0.000, 20.000)
[2026-02-11 15:58:42.556] [info] [thread 478551] [MeshLoader]   Bounding Box Center: (10.000, -10.000, 10.000)
[2026-02-11 15:58:42.556] [info] [thread 478551] [MeshLoader]   Bounding Radius: 10.000
[2026-02-11 15:58:42.557] [debug] [thread 478551] [MeshLoader] Starting load: '/Users/adriangabriel.axtmann/gitlab-dm/gitlab/medusa/tests/integration/../assets/stl/binary/sample_binary_cube.stl'
[2026-02-11 15:58:42.557] [debug] [thread 478551] [MeshLoader] Assimp flags: Triangulate|GenNormals|ValidateDataStructure|JoinIdenticalVertices|FixInfacingNormals
[2026-02-11 15:58:42.557] [debug] [thread 478551] [MeshLoader] Assimp loaded scene: 1 mesh(es)
[2026-02-11 15:58:42.557] [debug] [thread 478551] [MeshLoader] Scene totals: 24 vertices, 12 faces
[2026-02-11 15:58:42.557] [debug] [thread 478551] [MeshLoader] Mesh[0]: 24 vertices, 12 faces, normals=yes
[2026-02-11 15:58:42.557] [info] [thread 478551] [MeshLoader] Successfully loaded '/Users/adriangabriel.axtmann/gitlab-dm/gitlab/medusa/tests/integration/../assets/stl/binary/sample_binary_cube.stl'
[2026-02-11 15:58:42.557] [info] [thread 478551] [MeshLoader]   Vertices: 36
[2026-02-11 15:58:42.557] [info] [thread 478551] [MeshLoader]   Triangles: 12
[2026-02-11 15:58:42.557] [info] [thread 478551] [MeshLoader]   Skipped faces (non-triangle): 0
[2026-02-11 15:58:42.557] [info] [thread 478551] [MeshLoader]   Degenerate normals fixed: 0
[2026-02-11 15:58:42.557] [info] [thread 478551] [MeshLoader]   Bounding Box Min: (0.000, 0.000, 0.000)
[2026-02-11 15:58:42.557] [info] [thread 478551] [MeshLoader]   Bounding Box Max: (30.000, 30.000, 30.000)
[2026-02-11 15:58:42.557] [info] [thread 478551] [MeshLoader]   Bounding Box Center: (15.000, 15.000, 15.000)
[2026-02-11 15:58:42.557] [info] [thread 478551] [MeshLoader]   Bounding Radius: 15.000
[2026-02-11 15:58:42.557] [debug] [thread 478551] [MeshLoader] Starting load: '/Users/adriangabriel.axtmann/gitlab-dm/gitlab/medusa/tests/integration/../assets/stl/ascii/sample_asciii_cube.stl'
[2026-02-11 15:58:42.557] [debug] [thread 478551] [MeshLoader] Assimp flags: Triangulate|GenNormals|ValidateDataStructure|JoinIdenticalVertices|FixInfacingNormals
[2026-02-11 15:58:42.557] [debug] [thread 478551] [MeshLoader] Assimp loaded scene: 1 mesh(es)
[2026-02-11 15:58:42.557] [debug] [thread 478551] [MeshLoader] Scene totals: 24 vertices, 12 faces
[2026-02-11 15:58:42.557] [debug] [thread 478551] [MeshLoader] Mesh[0]: 24 vertices, 12 faces, normals=yes
[2026-02-11 15:58:42.557] [info] [thread 478551] [MeshLoader] Successfully loaded '/Users/adriangabriel.axtmann/gitlab-dm/gitlab/medusa/tests/integration/../assets/stl/ascii/sample_asciii_cube.stl'
[2026-02-11 15:58:42.558] [info] [thread 478551] [MeshLoader]   Vertices: 36
[2026-02-11 15:58:42.558] [info] [thread 478551] [MeshLoader]   Triangles: 12
[2026-02-11 15:58:42.558] [info] [thread 478551] [MeshLoader]   Skipped faces (non-triangle): 0
[2026-02-11 15:58:42.558] [info] [thread 478551] [MeshLoader]   Degenerate normals fixed: 0
[2026-02-11 15:58:42.558] [info] [thread 478551] [MeshLoader]   Bounding Box Min: (0.000, -20.000, 0.000)
[2026-02-11 15:58:42.558] [info] [thread 478551] [MeshLoader]   Bounding Box Max: (20.000, 0.000, 20.000)
[2026-02-11 15:58:42.558] [info] [thread 478551] [MeshLoader]   Bounding Box Center: (10.000, -10.000, 10.000)
[2026-02-11 15:58:42.558] [info] [thread 478551] [MeshLoader]   Bounding Radius: 10.000
[2026-02-11 15:58:42.558] [debug] [thread 478551] [MeshLoader] Starting load: '/Users/adriangabriel.axtmann/gitlab-dm/gitlab/medusa/tests/integration/../assets/stl/binary/sample_binary_cube.stl'
[2026-02-11 15:58:42.558] [debug] [thread 478551] [MeshLoader] Assimp flags: Triangulate|GenNormals|ValidateDataStructure|JoinIdenticalVertices|FixInfacingNormals
[2026-02-11 15:58:42.558] [debug] [thread 478551] [MeshLoader] Assimp loaded scene: 1 mesh(es)
[2026-02-11 15:58:42.558] [debug] [thread 478551] [MeshLoader] Scene totals: 24 vertices, 12 faces
[2026-02-11 15:58:42.558] [debug] [thread 478551] [MeshLoader] Mesh[0]: 24 vertices, 12 faces, normals=yes
[2026-02-11 15:58:42.558] [info] [thread 478551] [MeshLoader] Successfully loaded '/Users/adriangabriel.axtmann/gitlab-dm/gitlab/medusa/tests/integration/../assets/stl/binary/sample_binary_cube.stl'
[2026-02-11 15:58:42.558] [info] [thread 478551] [MeshLoader]   Vertices: 36
[2026-02-11 15:58:42.558] [info] [thread 478551] [MeshLoader]   Triangles: 12
[2026-02-11 15:58:42.558] [info] [thread 478551] [MeshLoader]   Skipped faces (non-triangle): 0
[2026-02-11 15:58:42.558] [info] [thread 478551] [MeshLoader]   Degenerate normals fixed: 0
[2026-02-11 15:58:42.558] [info] [thread 478551] [MeshLoader]   Bounding Box Min: (0.000, 0.000, 0.000)
[2026-02-11 15:58:42.558] [info] [thread 478551] [MeshLoader]   Bounding Box Max: (30.000, 30.000, 30.000)
[2026-02-11 15:58:42.558] [info] [thread 478551] [MeshLoader]   Bounding Box Center: (15.000, 15.000, 15.000)
[2026-02-11 15:58:42.558] [info] [thread 478551] [MeshLoader]   Bounding Radius: 15.000
[2026-02-11 15:58:42.558] [debug] [thread 478551] [MeshLoader] Starting load: '/Users/adriangabriel.axtmann/gitlab-dm/gitlab/medusa/tests/integration/../assets/obj/sample_binary_cube.obj'
[2026-02-11 15:58:42.558] [debug] [thread 478551] [MeshLoader] Assimp flags: Triangulate|GenNormals|ValidateDataStructure|JoinIdenticalVertices|FixInfacingNormals
[2026-02-11 15:58:42.738] [debug] [thread 478551] [MeshLoader] Assimp loaded scene: 1 mesh(es)
[2026-02-11 15:58:42.738] [debug] [thread 478551] [MeshLoader] Scene totals: 24 vertices, 12 faces
[2026-02-11 15:58:42.738] [debug] [thread 478551] [MeshLoader] Mesh[0]: 24 vertices, 12 faces, normals=yes
[2026-02-11 15:58:42.738] [info] [thread 478551] [MeshLoader] Successfully loaded '/Users/adriangabriel.axtmann/gitlab-dm/gitlab/medusa/tests/integration/../assets/obj/sample_binary_cube.obj'
[2026-02-11 15:58:42.738] [info] [thread 478551] [MeshLoader]   Vertices: 36
[2026-02-11 15:58:42.738] [info] [thread 478551] [MeshLoader]   Triangles: 12
[2026-02-11 15:58:42.738] [info] [thread 478551] [MeshLoader]   Skipped faces (non-triangle): 0
[2026-02-11 15:58:42.738] [info] [thread 478551] [MeshLoader]   Degenerate normals fixed: 0
[2026-02-11 15:58:42.738] [info] [thread 478551] [MeshLoader]   Bounding Box Min: (0.000, 0.000, 0.000)
[2026-02-11 15:58:42.738] [info] [thread 478551] [MeshLoader]   Bounding Box Max: (1.000, 1.000, 1.000)
[2026-02-11 15:58:42.738] [info] [thread 478551] [MeshLoader]   Bounding Box Center: (0.500, 0.500, 0.500)
[2026-02-11 15:58:42.738] [info] [thread 478551] [MeshLoader]   Bounding Radius: 0.500
[2026-02-11 15:58:42.739] [debug] [thread 478551] [MeshLoader] Starting load: '/Users/adriangabriel.axtmann/gitlab-dm/gitlab/medusa/tests/integration/../assets/stl/ascii/sample_asciii_cube.stl'
[2026-02-11 15:58:42.739] [debug] [thread 478551] [MeshLoader] Assimp flags: Triangulate|GenNormals|ValidateDataStructure|JoinIdenticalVertices|FixInfacingNormals
[2026-02-11 15:58:42.739] [debug] [thread 478551] [MeshLoader] Assimp loaded scene: 1 mesh(es)
[2026-02-11 15:58:42.739] [debug] [thread 478551] [MeshLoader] Scene totals: 24 vertices, 12 faces
[2026-02-11 15:58:42.739] [debug] [thread 478551] [MeshLoader] Mesh[0]: 24 vertices, 12 faces, normals=yes
[2026-02-11 15:58:42.739] [info] [thread 478551] [MeshLoader] Successfully loaded '/Users/adriangabriel.axtmann/gitlab-dm/gitlab/medusa/tests/integration/../assets/stl/ascii/sample_asciii_cube.stl'
[2026-02-11 15:58:42.739] [info] [thread 478551] [MeshLoader]   Vertices: 36
[2026-02-11 15:58:42.739] [info] [thread 478551] [MeshLoader]   Triangles: 12
[2026-02-11 15:58:42.739] [info] [thread 478551] [MeshLoader]   Skipped faces (non-triangle): 0
[2026-02-11 15:58:42.739] [info] [thread 478551] [MeshLoader]   Degenerate normals fixed: 0
[2026-02-11 15:58:42.739] [info] [thread 478551] [MeshLoader]   Bounding Box Min: (0.000, -20.000, 0.000)
[2026-02-11 15:58:42.739] [info] [thread 478551] [MeshLoader]   Bounding Box Max: (20.000, 0.000, 20.000)
[2026-02-11 15:58:42.739] [info] [thread 478551] [MeshLoader]   Bounding Box Center: (10.000, -10.000, 10.000)
[2026-02-11 15:58:42.739] [info] [thread 478551] [MeshLoader]   Bounding Radius: 10.000
[2026-02-11 15:58:42.739] [debug] [thread 478551] [MeshLoader] Starting load: '/Users/adriangabriel.axtmann/gitlab-dm/gitlab/medusa/tests/integration/../assets/stl/binary/sample_binary_cube.stl'
[2026-02-11 15:58:42.739] [debug] [thread 478551] [MeshLoader] Assimp flags: Triangulate|GenNormals|ValidateDataStructure|JoinIdenticalVertices|FixInfacingNormals
[2026-02-11 15:58:42.740] [debug] [thread 478551] [MeshLoader] Assimp loaded scene: 1 mesh(es)
[2026-02-11 15:58:42.740] [debug] [thread 478551] [MeshLoader] Scene totals: 24 vertices, 12 faces
[2026-02-11 15:58:42.740] [debug] [thread 478551] [MeshLoader] Mesh[0]: 24 vertices, 12 faces, normals=yes
[2026-02-11 15:58:42.740] [info] [thread 478551] [MeshLoader] Successfully loaded '/Users/adriangabriel.axtmann/gitlab-dm/gitlab/medusa/tests/integration/../assets/stl/binary/sample_binary_cube.stl'
[2026-02-11 15:58:42.740] [info] [thread 478551] [MeshLoader]   Vertices: 36
[2026-02-11 15:58:42.740] [info] [thread 478551] [MeshLoader]   Triangles: 12
[2026-02-11 15:58:42.740] [info] [thread 478551] [MeshLoader]   Skipped faces (non-triangle): 0
[2026-02-11 15:58:42.740] [info] [thread 478551] [MeshLoader]   Degenerate normals fixed: 0
[2026-02-11 15:58:42.740] [info] [thread 478551] [MeshLoader]   Bounding Box Min: (0.000, 0.000, 0.000)
[2026-02-11 15:58:42.740] [info] [thread 478551] [MeshLoader]   Bounding Box Max: (30.000, 30.000, 30.000)
[2026-02-11 15:58:42.740] [info] [thread 478551] [MeshLoader]   Bounding Box Center: (15.000, 15.000, 15.000)
[2026-02-11 15:58:42.740] [info] [thread 478551] [MeshLoader]   Bounding Radius: 15.000
[2026-02-11 15:58:42.740] [debug] [thread 478551] [MeshLoader] Starting load: '/Users/adriangabriel.axtmann/gitlab-dm/gitlab/medusa/tests/integration/../assets/obj/sample_binary_cube.obj'
[2026-02-11 15:58:42.740] [debug] [thread 478551] [MeshLoader] Assimp flags: Triangulate|GenNormals|ValidateDataStructure|JoinIdenticalVertices|FixInfacingNormals
[2026-02-11 15:58:42.919] [debug] [thread 478551] [MeshLoader] Assimp loaded scene: 1 mesh(es)
[2026-02-11 15:58:42.919] [debug] [thread 478551] [MeshLoader] Scene totals: 24 vertices, 12 faces
[2026-02-11 15:58:42.919] [debug] [thread 478551] [MeshLoader] Mesh[0]: 24 vertices, 12 faces, normals=yes
[2026-02-11 15:58:42.919] [info] [thread 478551] [MeshLoader] Successfully loaded '/Users/adriangabriel.axtmann/gitlab-dm/gitlab/medusa/tests/integration/../assets/obj/sample_binary_cube.obj'
[2026-02-11 15:58:42.919] [info] [thread 478551] [MeshLoader]   Vertices: 36
[2026-02-11 15:58:42.919] [info] [thread 478551] [MeshLoader]   Triangles: 12
[2026-02-11 15:58:42.919] [info] [thread 478551] [MeshLoader]   Skipped faces (non-triangle): 0
[2026-02-11 15:58:42.919] [info] [thread 478551] [MeshLoader]   Degenerate normals fixed: 0
[2026-02-11 15:58:42.919] [info] [thread 478551] [MeshLoader]   Bounding Box Min: (0.000, 0.000, 0.000)
[2026-02-11 15:58:42.919] [info] [thread 478551] [MeshLoader]   Bounding Box Max: (1.000, 1.000, 1.000)
[2026-02-11 15:58:42.919] [info] [thread 478551] [MeshLoader]   Bounding Box Center: (0.500, 0.500, 0.500)
[2026-02-11 15:58:42.919] [info] [thread 478551] [MeshLoader]   Bounding Radius: 0.500
[2026-02-11 15:58:42.920] [debug] [thread 478551] [MeshLoader] Starting load: '/Users/adriangabriel.axtmann/gitlab-dm/gitlab/medusa/tests/integration/../assets/stl/ascii/sample_asciii_cube.stl'
[2026-02-11 15:58:42.920] [debug] [thread 478551] [MeshLoader] Assimp flags: Triangulate|GenNormals|ValidateDataStructure|JoinIdenticalVertices|FixInfacingNormals
[2026-02-11 15:58:42.920] [debug] [thread 478551] [MeshLoader] Assimp loaded scene: 1 mesh(es)
[2026-02-11 15:58:42.920] [debug] [thread 478551] [MeshLoader] Scene totals: 24 vertices, 12 faces
[2026-02-11 15:58:42.920] [debug] [thread 478551] [MeshLoader] Mesh[0]: 24 vertices, 12 faces, normals=yes
[2026-02-11 15:58:42.920] [info] [thread 478551] [MeshLoader] Successfully loaded '/Users/adriangabriel.axtmann/gitlab-dm/gitlab/medusa/tests/integration/../assets/stl/ascii/sample_asciii_cube.stl'
[2026-02-11 15:58:42.920] [info] [thread 478551] [MeshLoader]   Vertices: 36
[2026-02-11 15:58:42.920] [info] [thread 478551] [MeshLoader]   Triangles: 12
[2026-02-11 15:58:42.920] [info] [thread 478551] [MeshLoader]   Skipped faces (non-triangle): 0
[2026-02-11 15:58:42.920] [info] [thread 478551] [MeshLoader]   Degenerate normals fixed: 0
[2026-02-11 15:58:42.920] [info] [thread 478551] [MeshLoader]   Bounding Box Min: (0.000, -20.000, 0.000)
[2026-02-11 15:58:42.920] [info] [thread 478551] [MeshLoader]   Bounding Box Max: (20.000, 0.000, 20.000)
[2026-02-11 15:58:42.920] [info] [thread 478551] [MeshLoader]   Bounding Box Center: (10.000, -10.000, 10.000)
[2026-02-11 15:58:42.920] [info] [thread 478551] [MeshLoader]   Bounding Radius: 10.000
[2026-02-11 15:58:42.920] [debug] [thread 478551] [MeshLoader] Starting load: '/Users/adriangabriel.axtmann/gitlab-dm/gitlab/medusa/tests/integration/../assets/stl/binary/sample_binary_cube.stl'
[2026-02-11 15:58:42.920] [debug] [thread 478551] [MeshLoader] Assimp flags: Triangulate|GenNormals|ValidateDataStructure|JoinIdenticalVertices|FixInfacingNormals
[2026-02-11 15:58:42.921] [debug] [thread 478551] [MeshLoader] Assimp loaded scene: 1 mesh(es)
[2026-02-11 15:58:42.921] [debug] [thread 478551] [MeshLoader] Scene totals: 24 vertices, 12 faces
[2026-02-11 15:58:42.921] [debug] [thread 478551] [MeshLoader] Mesh[0]: 24 vertices, 12 faces, normals=yes
[2026-02-11 15:58:42.921] [info] [thread 478551] [MeshLoader] Successfully loaded '/Users/adriangabriel.axtmann/gitlab-dm/gitlab/medusa/tests/integration/../assets/stl/binary/sample_binary_cube.stl'
[2026-02-11 15:58:42.921] [info] [thread 478551] [MeshLoader]   Vertices: 36
[2026-02-11 15:58:42.921] [info] [thread 478551] [MeshLoader]   Triangles: 12
[2026-02-11 15:58:42.921] [info] [thread 478551] [MeshLoader]   Skipped faces (non-triangle): 0
[2026-02-11 15:58:42.921] [info] [thread 478551] [MeshLoader]   Degenerate normals fixed: 0
[2026-02-11 15:58:42.921] [info] [thread 478551] [MeshLoader]   Bounding Box Min: (0.000, 0.000, 0.000)
[2026-02-11 15:58:42.921] [info] [thread 478551] [MeshLoader]   Bounding Box Max: (30.000, 30.000, 30.000)
[2026-02-11 15:58:42.921] [info] [thread 478551] [MeshLoader]   Bounding Box Center: (15.000, 15.000, 15.000)
[2026-02-11 15:58:42.921] [info] [thread 478551] [MeshLoader]   Bounding Radius: 15.000
[2026-02-11 15:58:42.921] [debug] [thread 478551] [MeshLoader] Starting load: '/Users/adriangabriel.axtmann/gitlab-dm/gitlab/medusa/tests/integration/../assets/obj/sample_binary_cube.obj'
[2026-02-11 15:58:42.921] [debug] [thread 478551] [MeshLoader] Assimp flags: Triangulate|GenNormals|ValidateDataStructure|JoinIdenticalVertices|FixInfacingNormals
[2026-02-11 15:58:43.100] [debug] [thread 478551] [MeshLoader] Assimp loaded scene: 1 mesh(es)
[2026-02-11 15:58:43.100] [debug] [thread 478551] [MeshLoader] Scene totals: 24 vertices, 12 faces
[2026-02-11 15:58:43.100] [debug] [thread 478551] [MeshLoader] Mesh[0]: 24 vertices, 12 faces, normals=yes
[2026-02-11 15:58:43.100] [info] [thread 478551] [MeshLoader] Successfully loaded '/Users/adriangabriel.axtmann/gitlab-dm/gitlab/medusa/tests/integration/../assets/obj/sample_binary_cube.obj'
[2026-02-11 15:58:43.100] [info] [thread 478551] [MeshLoader]   Vertices: 36
[2026-02-11 15:58:43.100] [info] [thread 478551] [MeshLoader]   Triangles: 12
[2026-02-11 15:58:43.100] [info] [thread 478551] [MeshLoader]   Skipped faces (non-triangle): 0
[2026-02-11 15:58:43.100] [info] [thread 478551] [MeshLoader]   Degenerate normals fixed: 0
[2026-02-11 15:58:43.100] [info] [thread 478551] [MeshLoader]   Bounding Box Min: (0.000, 0.000, 0.000)
[2026-02-11 15:58:43.100] [info] [thread 478551] [MeshLoader]   Bounding Box Max: (1.000, 1.000, 1.000)
[2026-02-11 15:58:43.100] [info] [thread 478551] [MeshLoader]   Bounding Box Center: (0.500, 0.500, 0.500)
[2026-02-11 15:58:43.100] [info] [thread 478551] [MeshLoader]   Bounding Radius: 0.500
[2026-02-11 15:58:43.100] [debug] [thread 478551] [MeshLoader] Starting load: '/Users/adriangabriel.axtmann/gitlab-dm/gitlab/medusa/tests/integration/../assets/stl/ascii/sample_asciii_cube.stl'
[2026-02-11 15:58:43.101] [debug] [thread 478551] [MeshLoader] Assimp flags: Triangulate|GenNormals|ValidateDataStructure|JoinIdenticalVertices|FixInfacingNormals
[2026-02-11 15:58:43.101] [debug] [thread 478551] [MeshLoader] Assimp loaded scene: 1 mesh(es)
[2026-02-11 15:58:43.101] [debug] [thread 478551] [MeshLoader] Scene totals: 24 vertices, 12 faces
[2026-02-11 15:58:43.101] [debug] [thread 478551] [MeshLoader] Mesh[0]: 24 vertices, 12 faces, normals=yes
[2026-02-11 15:58:43.101] [info] [thread 478551] [MeshLoader] Successfully loaded '/Users/adriangabriel.axtmann/gitlab-dm/gitlab/medusa/tests/integration/../assets/stl/ascii/sample_asciii_cube.stl'
[2026-02-11 15:58:43.101] [info] [thread 478551] [MeshLoader]   Vertices: 36
[2026-02-11 15:58:43.101] [info] [thread 478551] [MeshLoader]   Triangles: 12
[2026-02-11 15:58:43.101] [info] [thread 478551] [MeshLoader]   Skipped faces (non-triangle): 0
[2026-02-11 15:58:43.101] [info] [thread 478551] [MeshLoader]   Degenerate normals fixed: 0
[2026-02-11 15:58:43.101] [info] [thread 478551] [MeshLoader]   Bounding Box Min: (0.000, -20.000, 0.000)
[2026-02-11 15:58:43.101] [info] [thread 478551] [MeshLoader]   Bounding Box Max: (20.000, 0.000, 20.000)
[2026-02-11 15:58:43.101] [info] [thread 478551] [MeshLoader]   Bounding Box Center: (10.000, -10.000, 10.000)
[2026-02-11 15:58:43.101] [info] [thread 478551] [MeshLoader]   Bounding Radius: 10.000
[2026-02-11 15:58:43.101] [debug] [thread 478551] [MeshLoader] Starting load: '/Users/adriangabriel.axtmann/gitlab-dm/gitlab/medusa/tests/integration/../assets/stl/binary/sample_binary_cube.stl'
[2026-02-11 15:58:43.101] [debug] [thread 478551] [MeshLoader] Assimp flags: Triangulate|GenNormals|ValidateDataStructure|JoinIdenticalVertices|FixInfacingNormals
[2026-02-11 15:58:43.101] [debug] [thread 478551] [MeshLoader] Assimp loaded scene: 1 mesh(es)
[2026-02-11 15:58:43.101] [debug] [thread 478551] [MeshLoader] Scene totals: 24 vertices, 12 faces
[2026-02-11 15:58:43.101] [debug] [thread 478551] [MeshLoader] Mesh[0]: 24 vertices, 12 faces, normals=yes
[2026-02-11 15:58:43.101] [info] [thread 478551] [MeshLoader] Successfully loaded '/Users/adriangabriel.axtmann/gitlab-dm/gitlab/medusa/tests/integration/../assets/stl/binary/sample_binary_cube.stl'
[2026-02-11 15:58:43.101] [info] [thread 478551] [MeshLoader]   Vertices: 36
[2026-02-11 15:58:43.101] [info] [thread 478551] [MeshLoader]   Triangles: 12
[2026-02-11 15:58:43.101] [info] [thread 478551] [MeshLoader]   Skipped faces (non-triangle): 0
[2026-02-11 15:58:43.101] [info] [thread 478551] [MeshLoader]   Degenerate normals fixed: 0
[2026-02-11 15:58:43.102] [info] [thread 478551] [MeshLoader]   Bounding Box Min: (0.000, 0.000, 0.000)
[2026-02-11 15:58:43.102] [info] [thread 478551] [MeshLoader]   Bounding Box Max: (30.000, 30.000, 30.000)
[2026-02-11 15:58:43.102] [info] [thread 478551] [MeshLoader]   Bounding Box Center: (15.000, 15.000, 15.000)
[2026-02-11 15:58:43.102] [info] [thread 478551] [MeshLoader]   Bounding Radius: 15.000
[2026-02-11 15:58:43.102] [debug] [thread 478551] [MeshLoader] Starting load: '/Users/adriangabriel.axtmann/gitlab-dm/gitlab/medusa/tests/integration/../assets/obj/sample_binary_cube.obj'
[2026-02-11 15:58:43.102] [debug] [thread 478551] [MeshLoader] Assimp flags: Triangulate|GenNormals|ValidateDataStructure|JoinIdenticalVertices|FixInfacingNormals
[2026-02-11 15:58:43.283] [debug] [thread 478551] [MeshLoader] Assimp loaded scene: 1 mesh(es)
[2026-02-11 15:58:43.283] [debug] [thread 478551] [MeshLoader] Scene totals: 24 vertices, 12 faces
[2026-02-11 15:58:43.283] [debug] [thread 478551] [MeshLoader] Mesh[0]: 24 vertices, 12 faces, normals=yes
[2026-02-11 15:58:43.283] [info] [thread 478551] [MeshLoader] Successfully loaded '/Users/adriangabriel.axtmann/gitlab-dm/gitlab/medusa/tests/integration/../assets/obj/sample_binary_cube.obj'
[2026-02-11 15:58:43.283] [info] [thread 478551] [MeshLoader]   Vertices: 36
[2026-02-11 15:58:43.283] [info] [thread 478551] [MeshLoader]   Triangles: 12
[2026-02-11 15:58:43.283] [info] [thread 478551] [MeshLoader]   Skipped faces (non-triangle): 0
[2026-02-11 15:58:43.283] [info] [thread 478551] [MeshLoader]   Degenerate normals fixed: 0
[2026-02-11 15:58:43.283] [info] [thread 478551] [MeshLoader]   Bounding Box Min: (0.000, 0.000, 0.000)
[2026-02-11 15:58:43.283] [info] [thread 478551] [MeshLoader]   Bounding Box Max: (1.000, 1.000, 1.000)
[2026-02-11 15:58:43.283] [info] [thread 478551] [MeshLoader]   Bounding Box Center: (0.500, 0.500, 0.500)
[2026-02-11 15:58:43.283] [info] [thread 478551] [MeshLoader]   Bounding Radius: 0.500
[2026-02-11 15:58:43.283] [debug] [thread 478551] [MeshLoader] Starting load: '/Users/adriangabriel.axtmann/gitlab-dm/gitlab/medusa/tests/integration/../assets/stl/ascii/sample_asciii_cube.stl'
[2026-02-11 15:58:43.283] [debug] [thread 478551] [MeshLoader] Assimp flags: Triangulate|GenNormals|ValidateDataStructure|JoinIdenticalVertices|FixInfacingNormals
[2026-02-11 15:58:43.283] [debug] [thread 478551] [MeshLoader] Assimp loaded scene: 1 mesh(es)
[2026-02-11 15:58:43.283] [debug] [thread 478551] [MeshLoader] Scene totals: 24 vertices, 12 faces
[2026-02-11 15:58:43.283] [debug] [thread 478551] [MeshLoader] Mesh[0]: 24 vertices, 12 faces, normals=yes
[2026-02-11 15:58:43.283] [info] [thread 478551] [MeshLoader] Successfully loaded '/Users/adriangabriel.axtmann/gitlab-dm/gitlab/medusa/tests/integration/../assets/stl/ascii/sample_asciii_cube.stl'
[2026-02-11 15:58:43.283] [info] [thread 478551] [MeshLoader]   Vertices: 36
[2026-02-11 15:58:43.283] [info] [thread 478551] [MeshLoader]   Triangles: 12
[2026-02-11 15:58:43.283] [info] [thread 478551] [MeshLoader]   Skipped faces (non-triangle): 0
[2026-02-11 15:58:43.283] [info] [thread 478551] [MeshLoader]   Degenerate normals fixed: 0
[2026-02-11 15:58:43.283] [info] [thread 478551] [MeshLoader]   Bounding Box Min: (0.000, -20.000, 0.000)
[2026-02-11 15:58:43.283] [info] [thread 478551] [MeshLoader]   Bounding Box Max: (20.000, 0.000, 20.000)
[2026-02-11 15:58:43.283] [info] [thread 478551] [MeshLoader]   Bounding Box Center: (10.000, -10.000, 10.000)
[2026-02-11 15:58:43.283] [info] [thread 478551] [MeshLoader]   Bounding Radius: 10.000
[2026-02-11 15:58:43.283] [debug] [thread 478551] [MeshLoader] Starting load: '/Users/adriangabriel.axtmann/gitlab-dm/gitlab/medusa/tests/integration/../assets/stl/binary/sample_binary_cube.stl'
[2026-02-11 15:58:43.283] [debug] [thread 478551] [MeshLoader] Assimp flags: Triangulate|GenNormals|ValidateDataStructure|JoinIdenticalVertices|FixInfacingNormals
[2026-02-11 15:58:43.284] [debug] [thread 478551] [MeshLoader] Assimp loaded scene: 1 mesh(es)
[2026-02-11 15:58:43.284] [debug] [thread 478551] [MeshLoader] Scene totals: 24 vertices, 12 faces
[2026-02-11 15:58:43.284] [debug] [thread 478551] [MeshLoader] Mesh[0]: 24 vertices, 12 faces, normals=yes
[2026-02-11 15:58:43.284] [info] [thread 478551] [MeshLoader] Successfully loaded '/Users/adriangabriel.axtmann/gitlab-dm/gitlab/medusa/tests/integration/../assets/stl/binary/sample_binary_cube.stl'
[2026-02-11 15:58:43.284] [info] [thread 478551] [MeshLoader]   Vertices: 36
[2026-02-11 15:58:43.284] [info] [thread 478551] [MeshLoader]   Triangles: 12
[2026-02-11 15:58:43.284] [info] [thread 478551] [MeshLoader]   Skipped faces (non-triangle): 0
[2026-02-11 15:58:43.284] [info] [thread 478551] [MeshLoader]   Degenerate normals fixed: 0
[2026-02-11 15:58:43.284] [info] [thread 478551] [MeshLoader]   Bounding Box Min: (0.000, 0.000, 0.000)
[2026-02-11 15:58:43.284] [info] [thread 478551] [MeshLoader]   Bounding Box Max: (30.000, 30.000, 30.000)
[2026-02-11 15:58:43.284] [info] [thread 478551] [MeshLoader]   Bounding Box Center: (15.000, 15.000, 15.000)
[2026-02-11 15:58:43.284] [info] [thread 478551] [MeshLoader]   Bounding Radius: 15.000
[2026-02-11 15:58:43.284] [debug] [thread 478551] [MeshLoader] Starting load: '/Users/adriangabriel.axtmann/gitlab-dm/gitlab/medusa/tests/integration/../assets/obj/sample_binary_cube.obj'
[2026-02-11 15:58:43.284] [debug] [thread 478551] [MeshLoader] Assimp flags: Triangulate|GenNormals|ValidateDataStructure|JoinIdenticalVertices|FixInfacingNormals
[2026-02-11 15:58:43.463] [debug] [thread 478551] [MeshLoader] Assimp loaded scene: 1 mesh(es)
[2026-02-11 15:58:43.463] [debug] [thread 478551] [MeshLoader] Scene totals: 24 vertices, 12 faces
[2026-02-11 15:58:43.463] [debug] [thread 478551] [MeshLoader] Mesh[0]: 24 vertices, 12 faces, normals=yes
[2026-02-11 15:58:43.463] [info] [thread 478551] [MeshLoader] Successfully loaded '/Users/adriangabriel.axtmann/gitlab-dm/gitlab/medusa/tests/integration/../assets/obj/sample_binary_cube.obj'
[2026-02-11 15:58:43.463] [info] [thread 478551] [MeshLoader]   Vertices: 36
[2026-02-11 15:58:43.463] [info] [thread 478551] [MeshLoader]   Triangles: 12
[2026-02-11 15:58:43.463] [info] [thread 478551] [MeshLoader]   Skipped faces (non-triangle): 0
[2026-02-11 15:58:43.463] [info] [thread 478551] [MeshLoader]   Degenerate normals fixed: 0
[2026-02-11 15:58:43.463] [info] [thread 478551] [MeshLoader]   Bounding Box Min: (0.000, 0.000, 0.000)
[2026-02-11 15:58:43.463] [info] [thread 478551] [MeshLoader]   Bounding Box Max: (1.000, 1.000, 1.000)
[2026-02-11 15:58:43.463] [info] [thread 478551] [MeshLoader]   Bounding Box Center: (0.500, 0.500, 0.500)
[2026-02-11 15:58:43.463] [info] [thread 478551] [MeshLoader]   Bounding Radius: 0.500
[2026-02-11 15:58:43.463] [debug] [thread 478551] [MeshLoader] Starting load: '/Users/adriangabriel.axtmann/gitlab-dm/gitlab/medusa/tests/integration/../assets/stl/ascii/sample_asciii_cube.stl'
[2026-02-11 15:58:43.463] [debug] [thread 478551] [MeshLoader] Assimp flags: Triangulate|GenNormals|ValidateDataStructure|JoinIdenticalVertices|FixInfacingNormals
[2026-02-11 15:58:43.464] [debug] [thread 478551] [MeshLoader] Assimp loaded scene: 1 mesh(es)
[2026-02-11 15:58:43.464] [debug] [thread 478551] [MeshLoader] Scene totals: 24 vertices, 12 faces
[2026-02-11 15:58:43.464] [debug] [thread 478551] [MeshLoader] Mesh[0]: 24 vertices, 12 faces, normals=yes
[2026-02-11 15:58:43.464] [info] [thread 478551] [MeshLoader] Successfully loaded '/Users/adriangabriel.axtmann/gitlab-dm/gitlab/medusa/tests/integration/../assets/stl/ascii/sample_asciii_cube.stl'
[2026-02-11 15:58:43.464] [info] [thread 478551] [MeshLoader]   Vertices: 36
[2026-02-11 15:58:43.464] [info] [thread 478551] [MeshLoader]   Triangles: 12
[2026-02-11 15:58:43.464] [info] [thread 478551] [MeshLoader]   Skipped faces (non-triangle): 0
[2026-02-11 15:58:43.464] [info] [thread 478551] [MeshLoader]   Degenerate normals fixed: 0
[2026-02-11 15:58:43.464] [info] [thread 478551] [MeshLoader]   Bounding Box Min: (0.000, -20.000, 0.000)
[2026-02-11 15:58:43.464] [info] [thread 478551] [MeshLoader]   Bounding Box Max: (20.000, 0.000, 20.000)
[2026-02-11 15:58:43.464] [info] [thread 478551] [MeshLoader]   Bounding Box Center: (10.000, -10.000, 10.000)
[2026-02-11 15:58:43.464] [info] [thread 478551] [MeshLoader]   Bounding Radius: 10.000
[2026-02-11 15:58:43.464] [debug] [thread 478551] [MeshLoader] Starting load: '/Users/adriangabriel.axtmann/gitlab-dm/gitlab/medusa/tests/integration/../assets/stl/binary/sample_binary_cube.stl'
[2026-02-11 15:58:43.464] [debug] [thread 478551] [MeshLoader] Assimp flags: Triangulate|GenNormals|ValidateDataStructure|JoinIdenticalVertices|FixInfacingNormals
[2026-02-11 15:58:43.464] [debug] [thread 478551] [MeshLoader] Assimp loaded scene: 1 mesh(es)
[2026-02-11 15:58:43.464] [debug] [thread 478551] [MeshLoader] Scene totals: 24 vertices, 12 faces
[2026-02-11 15:58:43.464] [debug] [thread 478551] [MeshLoader] Mesh[0]: 24 vertices, 12 faces, normals=yes
[2026-02-11 15:58:43.464] [info] [thread 478551] [MeshLoader] Successfully loaded '/Users/adriangabriel.axtmann/gitlab-dm/gitlab/medusa/tests/integration/../assets/stl/binary/sample_binary_cube.stl'
[2026-02-11 15:58:43.464] [info] [thread 478551] [MeshLoader]   Vertices: 36
[2026-02-11 15:58:43.464] [info] [thread 478551] [MeshLoader]   Triangles: 12
[2026-02-11 15:58:43.464] [info] [thread 478551] [MeshLoader]   Skipped faces (non-triangle): 0
[2026-02-11 15:58:43.464] [info] [thread 478551] [MeshLoader]   Degenerate normals fixed: 0
[2026-02-11 15:58:43.464] [info] [thread 478551] [MeshLoader]   Bounding Box Min: (0.000, 0.000, 0.000)
[2026-02-11 15:58:43.464] [info] [thread 478551] [MeshLoader]   Bounding Box Max: (30.000, 30.000, 30.000)
[2026-02-11 15:58:43.464] [info] [thread 478551] [MeshLoader]   Bounding Box Center: (15.000, 15.000, 15.000)
[2026-02-11 15:58:43.464] [info] [thread 478551] [MeshLoader]   Bounding Radius: 15.000
[2026-02-11 15:58:43.464] [debug] [thread 478551] [MeshLoader] Starting load: '/Users/adriangabriel.axtmann/gitlab-dm/gitlab/medusa/tests/integration/../assets/obj/sample_binary_cube.obj'
[2026-02-11 15:58:43.464] [debug] [thread 478551] [MeshLoader] Assimp flags: Triangulate|GenNormals|ValidateDataStructure|JoinIdenticalVertices|FixInfacingNormals
[2026-02-11 15:58:43.644] [debug] [thread 478551] [MeshLoader] Assimp loaded scene: 1 mesh(es)
[2026-02-11 15:58:43.644] [debug] [thread 478551] [MeshLoader] Scene totals: 24 vertices, 12 faces
[2026-02-11 15:58:43.644] [debug] [thread 478551] [MeshLoader] Mesh[0]: 24 vertices, 12 faces, normals=yes
[2026-02-11 15:58:43.644] [info] [thread 478551] [MeshLoader] Successfully loaded '/Users/adriangabriel.axtmann/gitlab-dm/gitlab/medusa/tests/integration/../assets/obj/sample_binary_cube.obj'
[2026-02-11 15:58:43.644] [info] [thread 478551] [MeshLoader]   Vertices: 36
[2026-02-11 15:58:43.644] [info] [thread 478551] [MeshLoader]   Triangles: 12
[2026-02-11 15:58:43.644] [info] [thread 478551] [MeshLoader]   Skipped faces (non-triangle): 0
[2026-02-11 15:58:43.644] [info] [thread 478551] [MeshLoader]   Degenerate normals fixed: 0
[2026-02-11 15:58:43.644] [info] [thread 478551] [MeshLoader]   Bounding Box Min: (0.000, 0.000, 0.000)
[2026-02-11 15:58:43.644] [info] [thread 478551] [MeshLoader]   Bounding Box Max: (1.000, 1.000, 1.000)
[2026-02-11 15:58:43.645] [info] [thread 478551] [MeshLoader]   Bounding Box Center: (0.500, 0.500, 0.500)
[2026-02-11 15:58:43.645] [info] [thread 478551] [MeshLoader]   Bounding Radius: 0.500
[2026-02-11 15:58:43.645] [debug] [thread 478551] [MeshLoader] Starting load: '/Users/adriangabriel.axtmann/gitlab-dm/gitlab/medusa/tests/integration/../assets/stl/ascii/sample_asciii_cube.stl'
[2026-02-11 15:58:43.645] [debug] [thread 478551] [MeshLoader] Assimp flags: Triangulate|GenNormals|ValidateDataStructure|JoinIdenticalVertices|FixInfacingNormals
[2026-02-11 15:58:43.645] [debug] [thread 478551] [MeshLoader] Assimp loaded scene: 1 mesh(es)
[2026-02-11 15:58:43.645] [debug] [thread 478551] [MeshLoader] Scene totals: 24 vertices, 12 faces
[2026-02-11 15:58:43.645] [debug] [thread 478551] [MeshLoader] Mesh[0]: 24 vertices, 12 faces, normals=yes
[2026-02-11 15:58:43.645] [info] [thread 478551] [MeshLoader] Successfully loaded '/Users/adriangabriel.axtmann/gitlab-dm/gitlab/medusa/tests/integration/../assets/stl/ascii/sample_asciii_cube.stl'
[2026-02-11 15:58:43.645] [info] [thread 478551] [MeshLoader]   Vertices: 36
[2026-02-11 15:58:43.645] [info] [thread 478551] [MeshLoader]   Triangles: 12
[2026-02-11 15:58:43.645] [info] [thread 478551] [MeshLoader]   Skipped faces (non-triangle): 0
[2026-02-11 15:58:43.645] [info] [thread 478551] [MeshLoader]   Degenerate normals fixed: 0
[2026-02-11 15:58:43.645] [info] [thread 478551] [MeshLoader]   Bounding Box Min: (0.000, -20.000, 0.000)
[2026-02-11 15:58:43.645] [info] [thread 478551] [MeshLoader]   Bounding Box Max: (20.000, 0.000, 20.000)
[2026-02-11 15:58:43.645] [info] [thread 478551] [MeshLoader]   Bounding Box Center: (10.000, -10.000, 10.000)
[2026-02-11 15:58:43.645] [info] [thread 478551] [MeshLoader]   Bounding Radius: 10.000
[2026-02-11 15:58:43.645] [debug] [thread 478551] [MeshLoader] Starting load: '/Users/adriangabriel.axtmann/gitlab-dm/gitlab/medusa/tests/integration/../assets/stl/binary/sample_binary_cube.stl'
[2026-02-11 15:58:43.645] [debug] [thread 478551] [MeshLoader] Assimp flags: Triangulate|GenNormals|ValidateDataStructure|JoinIdenticalVertices|FixInfacingNormals
[2026-02-11 15:58:43.646] [debug] [thread 478551] [MeshLoader] Assimp loaded scene: 1 mesh(es)
[2026-02-11 15:58:43.646] [debug] [thread 478551] [MeshLoader] Scene totals: 24 vertices, 12 faces
[2026-02-11 15:58:43.646] [debug] [thread 478551] [MeshLoader] Mesh[0]: 24 vertices, 12 faces, normals=yes
[2026-02-11 15:58:43.646] [info] [thread 478551] [MeshLoader] Successfully loaded '/Users/adriangabriel.axtmann/gitlab-dm/gitlab/medusa/tests/integration/../assets/stl/binary/sample_binary_cube.stl'
[2026-02-11 15:58:43.646] [info] [thread 478551] [MeshLoader]   Vertices: 36
[2026-02-11 15:58:43.646] [info] [thread 478551] [MeshLoader]   Triangles: 12
[2026-02-11 15:58:43.646] [info] [thread 478551] [MeshLoader]   Skipped faces (non-triangle): 0
[2026-02-11 15:58:43.646] [info] [thread 478551] [MeshLoader]   Degenerate normals fixed: 0
[2026-02-11 15:58:43.646] [info] [thread 478551] [MeshLoader]   Bounding Box Min: (0.000, 0.000, 0.000)
[2026-02-11 15:58:43.646] [info] [thread 478551] [MeshLoader]   Bounding Box Max: (30.000, 30.000, 30.000)
[2026-02-11 15:58:43.646] [info] [thread 478551] [MeshLoader]   Bounding Box Center: (15.000, 15.000, 15.000)
[2026-02-11 15:58:43.646] [info] [thread 478551] [MeshLoader]   Bounding Radius: 15.000
[2026-02-11 15:58:43.646] [debug] [thread 478551] [MeshLoader] Starting load: '/Users/adriangabriel.axtmann/gitlab-dm/gitlab/medusa/tests/integration/../assets/obj/sample_binary_cube.obj'
[2026-02-11 15:58:43.646] [debug] [thread 478551] [MeshLoader] Assimp flags: Triangulate|GenNormals|ValidateDataStructure|JoinIdenticalVertices|FixInfacingNormals
[2026-02-11 15:58:43.824] [debug] [thread 478551] [MeshLoader] Assimp loaded scene: 1 mesh(es)
[2026-02-11 15:58:43.824] [debug] [thread 478551] [MeshLoader] Scene totals: 24 vertices, 12 faces
[2026-02-11 15:58:43.824] [debug] [thread 478551] [MeshLoader] Mesh[0]: 24 vertices, 12 faces, normals=yes
[2026-02-11 15:58:43.824] [info] [thread 478551] [MeshLoader] Successfully loaded '/Users/adriangabriel.axtmann/gitlab-dm/gitlab/medusa/tests/integration/../assets/obj/sample_binary_cube.obj'
[2026-02-11 15:58:43.824] [info] [thread 478551] [MeshLoader]   Vertices: 36
[2026-02-11 15:58:43.824] [info] [thread 478551] [MeshLoader]   Triangles: 12
[2026-02-11 15:58:43.824] [info] [thread 478551] [MeshLoader]   Skipped faces (non-triangle): 0
[2026-02-11 15:58:43.824] [info] [thread 478551] [MeshLoader]   Degenerate normals fixed: 0
[2026-02-11 15:58:43.824] [info] [thread 478551] [MeshLoader]   Bounding Box Min: (0.000, 0.000, 0.000)
[2026-02-11 15:58:43.824] [info] [thread 478551] [MeshLoader]   Bounding Box Max: (1.000, 1.000, 1.000)
[2026-02-11 15:58:43.824] [info] [thread 478551] [MeshLoader]   Bounding Box Center: (0.500, 0.500, 0.500)
[2026-02-11 15:58:43.824] [info] [thread 478551] [MeshLoader]   Bounding Radius: 0.500
[2026-02-11 15:58:43.824] [debug] [thread 478551] [MeshLoader] Starting load: '/Users/adriangabriel.axtmann/gitlab-dm/gitlab/medusa/tests/integration/../assets/stl/ascii/sample_asciii_cube.stl'
[2026-02-11 15:58:43.824] [debug] [thread 478551] [MeshLoader] Assimp flags: Triangulate|GenNormals|ValidateDataStructure|JoinIdenticalVertices|FixInfacingNormals
[2026-02-11 15:58:43.824] [debug] [thread 478551] [MeshLoader] Assimp loaded scene: 1 mesh(es)
[2026-02-11 15:58:43.824] [debug] [thread 478551] [MeshLoader] Scene totals: 24 vertices, 12 faces
[2026-02-11 15:58:43.824] [debug] [thread 478551] [MeshLoader] Mesh[0]: 24 vertices, 12 faces, normals=yes
[2026-02-11 15:58:43.824] [info] [thread 478551] [MeshLoader] Successfully loaded '/Users/adriangabriel.axtmann/gitlab-dm/gitlab/medusa/tests/integration/../assets/stl/ascii/sample_asciii_cube.stl'
[2026-02-11 15:58:43.824] [info] [thread 478551] [MeshLoader]   Vertices: 36
[2026-02-11 15:58:43.824] [info] [thread 478551] [MeshLoader]   Triangles: 12
[2026-02-11 15:58:43.824] [info] [thread 478551] [MeshLoader]   Skipped faces (non-triangle): 0
[2026-02-11 15:58:43.824] [info] [thread 478551] [MeshLoader]   Degenerate normals fixed: 0
[2026-02-11 15:58:43.824] [info] [thread 478551] [MeshLoader]   Bounding Box Min: (0.000, -20.000, 0.000)
[2026-02-11 15:58:43.824] [info] [thread 478551] [MeshLoader]   Bounding Box Max: (20.000, 0.000, 20.000)
[2026-02-11 15:58:43.824] [info] [thread 478551] [MeshLoader]   Bounding Box Center: (10.000, -10.000, 10.000)
[2026-02-11 15:58:43.824] [info] [thread 478551] [MeshLoader]   Bounding Radius: 10.000
[2026-02-11 15:58:43.824] [debug] [thread 478551] [MeshLoader] Starting load: '/Users/adriangabriel.axtmann/gitlab-dm/gitlab/medusa/tests/integration/../assets/stl/binary/sample_binary_cube.stl'
[2026-02-11 15:58:43.825] [debug] [thread 478551] [MeshLoader] Assimp flags: Triangulate|GenNormals|ValidateDataStructure|JoinIdenticalVertices|FixInfacingNormals
[2026-02-11 15:58:43.825] [debug] [thread 478551] [MeshLoader] Assimp loaded scene: 1 mesh(es)
[2026-02-11 15:58:43.825] [debug] [thread 478551] [MeshLoader] Scene totals: 24 vertices, 12 faces
[2026-02-11 15:58:43.825] [debug] [thread 478551] [MeshLoader] Mesh[0]: 24 vertices, 12 faces, normals=yes
[2026-02-11 15:58:43.825] [info] [thread 478551] [MeshLoader] Successfully loaded '/Users/adriangabriel.axtmann/gitlab-dm/gitlab/medusa/tests/integration/../assets/stl/binary/sample_binary_cube.stl'
[2026-02-11 15:58:43.825] [info] [thread 478551] [MeshLoader]   Vertices: 36
[2026-02-11 15:58:43.825] [info] [thread 478551] [MeshLoader]   Triangles: 12
[2026-02-11 15:58:43.825] [info] [thread 478551] [MeshLoader]   Skipped faces (non-triangle): 0
[2026-02-11 15:58:43.825] [info] [thread 478551] [MeshLoader]   Degenerate normals fixed: 0
[2026-02-11 15:58:43.825] [info] [thread 478551] [MeshLoader]   Bounding Box Min: (0.000, 0.000, 0.000)
[2026-02-11 15:58:43.825] [info] [thread 478551] [MeshLoader]   Bounding Box Max: (30.000, 30.000, 30.000)
[2026-02-11 15:58:43.825] [info] [thread 478551] [MeshLoader]   Bounding Box Center: (15.000, 15.000, 15.000)
[2026-02-11 15:58:43.825] [info] [thread 478551] [MeshLoader]   Bounding Radius: 15.000
[2026-02-11 15:58:43.825] [debug] [thread 478551] [MeshLoader] Starting load: '/Users/adriangabriel.axtmann/gitlab-dm/gitlab/medusa/tests/integration/../assets/obj/sample_binary_cube.obj'
[2026-02-11 15:58:43.825] [debug] [thread 478551] [MeshLoader] Assimp flags: Triangulate|GenNormals|ValidateDataStructure|JoinIdenticalVertices|FixInfacingNormals
[2026-02-11 15:58:44.005] [debug] [thread 478551] [MeshLoader] Assimp loaded scene: 1 mesh(es)
[2026-02-11 15:58:44.005] [debug] [thread 478551] [MeshLoader] Scene totals: 24 vertices, 12 faces
[2026-02-11 15:58:44.005] [debug] [thread 478551] [MeshLoader] Mesh[0]: 24 vertices, 12 faces, normals=yes
[2026-02-11 15:58:44.005] [info] [thread 478551] [MeshLoader] Successfully loaded '/Users/adriangabriel.axtmann/gitlab-dm/gitlab/medusa/tests/integration/../assets/obj/sample_binary_cube.obj'
[2026-02-11 15:58:44.005] [info] [thread 478551] [MeshLoader]   Vertices: 36
[2026-02-11 15:58:44.005] [info] [thread 478551] [MeshLoader]   Triangles: 12
[2026-02-11 15:58:44.005] [info] [thread 478551] [MeshLoader]   Skipped faces (non-triangle): 0
[2026-02-11 15:58:44.005] [info] [thread 478551] [MeshLoader]   Degenerate normals fixed: 0
[2026-02-11 15:58:44.005] [info] [thread 478551] [MeshLoader]   Bounding Box Min: (0.000, 0.000, 0.000)
[2026-02-11 15:58:44.005] [info] [thread 478551] [MeshLoader]   Bounding Box Max: (1.000, 1.000, 1.000)
[2026-02-11 15:58:44.005] [info] [thread 478551] [MeshLoader]   Bounding Box Center: (0.500, 0.500, 0.500)
[2026-02-11 15:58:44.005] [info] [thread 478551] [MeshLoader]   Bounding Radius: 0.500
[2026-02-11 15:58:44.005] [debug] [thread 478551] [MeshLoader] Starting load: '/Users/adriangabriel.axtmann/gitlab-dm/gitlab/medusa/tests/integration/../assets/stl/ascii/sample_asciii_cube.stl'
[2026-02-11 15:58:44.005] [debug] [thread 478551] [MeshLoader] Assimp flags: Triangulate|GenNormals|ValidateDataStructure|JoinIdenticalVertices|FixInfacingNormals
[2026-02-11 15:58:44.005] [debug] [thread 478551] [MeshLoader] Assimp loaded scene: 1 mesh(es)
[2026-02-11 15:58:44.005] [debug] [thread 478551] [MeshLoader] Scene totals: 24 vertices, 12 faces
[2026-02-11 15:58:44.005] [debug] [thread 478551] [MeshLoader] Mesh[0]: 24 vertices, 12 faces, normals=yes
[2026-02-11 15:58:44.005] [info] [thread 478551] [MeshLoader] Successfully loaded '/Users/adriangabriel.axtmann/gitlab-dm/gitlab/medusa/tests/integration/../assets/stl/ascii/sample_asciii_cube.stl'
[2026-02-11 15:58:44.005] [info] [thread 478551] [MeshLoader]   Vertices: 36
[2026-02-11 15:58:44.005] [info] [thread 478551] [MeshLoader]   Triangles: 12
[2026-02-11 15:58:44.005] [info] [thread 478551] [MeshLoader]   Skipped faces (non-triangle): 0
[2026-02-11 15:58:44.005] [info] [thread 478551] [MeshLoader]   Degenerate normals fixed: 0
[2026-02-11 15:58:44.005] [info] [thread 478551] [MeshLoader]   Bounding Box Min: (0.000, -20.000, 0.000)
[2026-02-11 15:58:44.005] [info] [thread 478551] [MeshLoader]   Bounding Box Max: (20.000, 0.000, 20.000)
[2026-02-11 15:58:44.005] [info] [thread 478551] [MeshLoader]   Bounding Box Center: (10.000, -10.000, 10.000)
[2026-02-11 15:58:44.005] [info] [thread 478551] [MeshLoader]   Bounding Radius: 10.000
[2026-02-11 15:58:44.005] [debug] [thread 478551] [MeshLoader] Starting load: '/Users/adriangabriel.axtmann/gitlab-dm/gitlab/medusa/tests/integration/../assets/stl/binary/sample_binary_cube.stl'
[2026-02-11 15:58:44.005] [debug] [thread 478551] [MeshLoader] Assimp flags: Triangulate|GenNormals|ValidateDataStructure|JoinIdenticalVertices|FixInfacingNormals
[2026-02-11 15:58:44.006] [debug] [thread 478551] [MeshLoader] Assimp loaded scene: 1 mesh(es)
[2026-02-11 15:58:44.006] [debug] [thread 478551] [MeshLoader] Scene totals: 24 vertices, 12 faces
[2026-02-11 15:58:44.006] [debug] [thread 478551] [MeshLoader] Mesh[0]: 24 vertices, 12 faces, normals=yes
[2026-02-11 15:58:44.006] [info] [thread 478551] [MeshLoader] Successfully loaded '/Users/adriangabriel.axtmann/gitlab-dm/gitlab/medusa/tests/integration/../assets/stl/binary/sample_binary_cube.stl'
[2026-02-11 15:58:44.006] [info] [thread 478551] [MeshLoader]   Vertices: 36
[2026-02-11 15:58:44.006] [info] [thread 478551] [MeshLoader]   Triangles: 12
[2026-02-11 15:58:44.006] [info] [thread 478551] [MeshLoader]   Skipped faces (non-triangle): 0
[2026-02-11 15:58:44.006] [info] [thread 478551] [MeshLoader]   Degenerate normals fixed: 0
[2026-02-11 15:58:44.006] [info] [thread 478551] [MeshLoader]   Bounding Box Min: (0.000, 0.000, 0.000)
[2026-02-11 15:58:44.006] [info] [thread 478551] [MeshLoader]   Bounding Box Max: (30.000, 30.000, 30.000)
[2026-02-11 15:58:44.006] [info] [thread 478551] [MeshLoader]   Bounding Box Center: (15.000, 15.000, 15.000)
[2026-02-11 15:58:44.006] [info] [thread 478551] [MeshLoader]   Bounding Radius: 15.000
[2026-02-11 15:58:44.006] [debug] [thread 478551] [MeshLoader] Starting load: '/Users/adriangabriel.axtmann/gitlab-dm/gitlab/medusa/tests/integration/../assets/obj/sample_binary_cube.obj'
[2026-02-11 15:58:44.006] [debug] [thread 478551] [MeshLoader] Assimp flags: Triangulate|GenNormals|ValidateDataStructure|JoinIdenticalVertices|FixInfacingNormals
[2026-02-11 15:58:44.190] [debug] [thread 478551] [MeshLoader] Assimp loaded scene: 1 mesh(es)
[2026-02-11 15:58:44.190] [debug] [thread 478551] [MeshLoader] Scene totals: 24 vertices, 12 faces
[2026-02-11 15:58:44.190] [debug] [thread 478551] [MeshLoader] Mesh[0]: 24 vertices, 12 faces, normals=yes
[2026-02-11 15:58:44.190] [info] [thread 478551] [MeshLoader] Successfully loaded '/Users/adriangabriel.axtmann/gitlab-dm/gitlab/medusa/tests/integration/../assets/obj/sample_binary_cube.obj'
[2026-02-11 15:58:44.190] [info] [thread 478551] [MeshLoader]   Vertices: 36
[2026-02-11 15:58:44.190] [info] [thread 478551] [MeshLoader]   Triangles: 12
[2026-02-11 15:58:44.190] [info] [thread 478551] [MeshLoader]   Skipped faces (non-triangle): 0
[2026-02-11 15:58:44.190] [info] [thread 478551] [MeshLoader]   Degenerate normals fixed: 0
[2026-02-11 15:58:44.190] [info] [thread 478551] [MeshLoader]   Bounding Box Min: (0.000, 0.000, 0.000)
[2026-02-11 15:58:44.190] [info] [thread 478551] [MeshLoader]   Bounding Box Max: (1.000, 1.000, 1.000)
[2026-02-11 15:58:44.190] [info] [thread 478551] [MeshLoader]   Bounding Box Center: (0.500, 0.500, 0.500)
[2026-02-11 15:58:44.190] [info] [thread 478551] [MeshLoader]   Bounding Radius: 0.500
[2026-02-11 15:58:44.190] [debug] [thread 478551] [MeshLoader] Starting load: '/Users/adriangabriel.axtmann/gitlab-dm/gitlab/medusa/tests/integration/../assets/stl/ascii/sample_asciii_cube.stl'
[2026-02-11 15:58:44.190] [debug] [thread 478551] [MeshLoader] Assimp flags: Triangulate|GenNormals|ValidateDataStructure|JoinIdenticalVertices|FixInfacingNormals
[2026-02-11 15:58:44.191] [debug] [thread 478551] [MeshLoader] Assimp loaded scene: 1 mesh(es)
[2026-02-11 15:58:44.191] [debug] [thread 478551] [MeshLoader] Scene totals: 24 vertices, 12 faces
[2026-02-11 15:58:44.191] [debug] [thread 478551] [MeshLoader] Mesh[0]: 24 vertices, 12 faces, normals=yes
[2026-02-11 15:58:44.191] [info] [thread 478551] [MeshLoader] Successfully loaded '/Users/adriangabriel.axtmann/gitlab-dm/gitlab/medusa/tests/integration/../assets/stl/ascii/sample_asciii_cube.stl'
[2026-02-11 15:58:44.191] [info] [thread 478551] [MeshLoader]   Vertices: 36
[2026-02-11 15:58:44.191] [info] [thread 478551] [MeshLoader]   Triangles: 12
[2026-02-11 15:58:44.191] [info] [thread 478551] [MeshLoader]   Skipped faces (non-triangle): 0
[2026-02-11 15:58:44.191] [info] [thread 478551] [MeshLoader]   Degenerate normals fixed: 0
[2026-02-11 15:58:44.191] [info] [thread 478551] [MeshLoader]   Bounding Box Min: (0.000, -20.000, 0.000)
[2026-02-11 15:58:44.191] [info] [thread 478551] [MeshLoader]   Bounding Box Max: (20.000, 0.000, 20.000)
[2026-02-11 15:58:44.191] [info] [thread 478551] [MeshLoader]   Bounding Box Center: (10.000, -10.000, 10.000)
[2026-02-11 15:58:44.191] [info] [thread 478551] [MeshLoader]   Bounding Radius: 10.000
[2026-02-11 15:58:44.191] [debug] [thread 478551] [MeshLoader] Starting load: '/Users/adriangabriel.axtmann/gitlab-dm/gitlab/medusa/tests/integration/../assets/stl/binary/sample_binary_cube.stl'
[2026-02-11 15:58:44.191] [debug] [thread 478551] [MeshLoader] Assimp flags: Triangulate|GenNormals|ValidateDataStructure|JoinIdenticalVertices|FixInfacingNormals
[2026-02-11 15:58:44.191] [debug] [thread 478551] [MeshLoader] Assimp loaded scene: 1 mesh(es)
[2026-02-11 15:58:44.191] [debug] [thread 478551] [MeshLoader] Scene totals: 24 vertices, 12 faces
[2026-02-11 15:58:44.191] [debug] [thread 478551] [MeshLoader] Mesh[0]: 24 vertices, 12 faces, normals=yes
[2026-02-11 15:58:44.191] [info] [thread 478551] [MeshLoader] Successfully loaded '/Users/adriangabriel.axtmann/gitlab-dm/gitlab/medusa/tests/integration/../assets/stl/binary/sample_binary_cube.stl'
[2026-02-11 15:58:44.191] [info] [thread 478551] [MeshLoader]   Vertices: 36
[2026-02-11 15:58:44.191] [info] [thread 478551] [MeshLoader]   Triangles: 12
[2026-02-11 15:58:44.191] [info] [thread 478551] [MeshLoader]   Skipped faces (non-triangle): 0
[2026-02-11 15:58:44.191] [info] [thread 478551] [MeshLoader]   Degenerate normals fixed: 0
[2026-02-11 15:58:44.191] [info] [thread 478551] [MeshLoader]   Bounding Box Min: (0.000, 0.000, 0.000)
[2026-02-11 15:58:44.191] [info] [thread 478551] [MeshLoader]   Bounding Box Max: (30.000, 30.000, 30.000)
[2026-02-11 15:58:44.191] [info] [thread 478551] [MeshLoader]   Bounding Box Center: (15.000, 15.000, 15.000)
[2026-02-11 15:58:44.191] [info] [thread 478551] [MeshLoader]   Bounding Radius: 15.000
[2026-02-11 15:58:44.191] [debug] [thread 478551] [MeshLoader] Starting load: '/Users/adriangabriel.axtmann/gitlab-dm/gitlab/medusa/tests/integration/../assets/obj/sample_binary_cube.obj'
[2026-02-11 15:58:44.191] [debug] [thread 478551] [MeshLoader] Assimp flags: Triangulate|GenNormals|ValidateDataStructure|JoinIdenticalVertices|FixInfacingNormals
[2026-02-11 15:58:44.372] [debug] [thread 478551] [MeshLoader] Assimp loaded scene: 1 mesh(es)
[2026-02-11 15:58:44.372] [debug] [thread 478551] [MeshLoader] Scene totals: 24 vertices, 12 faces
[2026-02-11 15:58:44.372] [debug] [thread 478551] [MeshLoader] Mesh[0]: 24 vertices, 12 faces, normals=yes
[2026-02-11 15:58:44.372] [info] [thread 478551] [MeshLoader] Successfully loaded '/Users/adriangabriel.axtmann/gitlab-dm/gitlab/medusa/tests/integration/../assets/obj/sample_binary_cube.obj'
[2026-02-11 15:58:44.372] [info] [thread 478551] [MeshLoader]   Vertices: 36
[2026-02-11 15:58:44.372] [info] [thread 478551] [MeshLoader]   Triangles: 12
[2026-02-11 15:58:44.372] [info] [thread 478551] [MeshLoader]   Skipped faces (non-triangle): 0
[2026-02-11 15:58:44.372] [info] [thread 478551] [MeshLoader]   Degenerate normals fixed: 0
[2026-02-11 15:58:44.372] [info] [thread 478551] [MeshLoader]   Bounding Box Min: (0.000, 0.000, 0.000)
[2026-02-11 15:58:44.372] [info] [thread 478551] [MeshLoader]   Bounding Box Max: (1.000, 1.000, 1.000)
[2026-02-11 15:58:44.372] [info] [thread 478551] [MeshLoader]   Bounding Box Center: (0.500, 0.500, 0.500)
[2026-02-11 15:58:44.372] [info] [thread 478551] [MeshLoader]   Bounding Radius: 0.500
[2026-02-11 15:58:44.372] [debug] [thread 478551] [MeshLoader] Starting load: '/Users/adriangabriel.axtmann/gitlab-dm/gitlab/medusa/tests/integration/../assets/stl/ascii/sample_asciii_cube.stl'
[2026-02-11 15:58:44.372] [debug] [thread 478551] [MeshLoader] Assimp flags: Triangulate|GenNormals|ValidateDataStructure|JoinIdenticalVertices|FixInfacingNormals
[2026-02-11 15:58:44.373] [debug] [thread 478551] [MeshLoader] Assimp loaded scene: 1 mesh(es)
[2026-02-11 15:58:44.373] [debug] [thread 478551] [MeshLoader] Scene totals: 24 vertices, 12 faces
[2026-02-11 15:58:44.373] [debug] [thread 478551] [MeshLoader] Mesh[0]: 24 vertices, 12 faces, normals=yes
[2026-02-11 15:58:44.373] [info] [thread 478551] [MeshLoader] Successfully loaded '/Users/adriangabriel.axtmann/gitlab-dm/gitlab/medusa/tests/integration/../assets/stl/ascii/sample_asciii_cube.stl'
[2026-02-11 15:58:44.373] [info] [thread 478551] [MeshLoader]   Vertices: 36
[2026-02-11 15:58:44.373] [info] [thread 478551] [MeshLoader]   Triangles: 12
[2026-02-11 15:58:44.373] [info] [thread 478551] [MeshLoader]   Skipped faces (non-triangle): 0
[2026-02-11 15:58:44.373] [info] [thread 478551] [MeshLoader]   Degenerate normals fixed: 0
[2026-02-11 15:58:44.373] [info] [thread 478551] [MeshLoader]   Bounding Box Min: (0.000, -20.000, 0.000)
[2026-02-11 15:58:44.373] [info] [thread 478551] [MeshLoader]   Bounding Box Max: (20.000, 0.000, 20.000)
[2026-02-11 15:58:44.373] [info] [thread 478551] [MeshLoader]   Bounding Box Center: (10.000, -10.000, 10.000)
[2026-02-11 15:58:44.373] [info] [thread 478551] [MeshLoader]   Bounding Radius: 10.000
[2026-02-11 15:58:44.373] [debug] [thread 478551] [MeshLoader] Starting load: '/Users/adriangabriel.axtmann/gitlab-dm/gitlab/medusa/tests/integration/../assets/stl/binary/sample_binary_cube.stl'
[2026-02-11 15:58:44.373] [debug] [thread 478551] [MeshLoader] Assimp flags: Triangulate|GenNormals|ValidateDataStructure|JoinIdenticalVertices|FixInfacingNormals
[2026-02-11 15:58:44.373] [debug] [thread 478551] [MeshLoader] Assimp loaded scene: 1 mesh(es)
[2026-02-11 15:58:44.373] [debug] [thread 478551] [MeshLoader] Scene totals: 24 vertices, 12 faces
[2026-02-11 15:58:44.373] [debug] [thread 478551] [MeshLoader] Mesh[0]: 24 vertices, 12 faces, normals=yes
[2026-02-11 15:58:44.373] [info] [thread 478551] [MeshLoader] Successfully loaded '/Users/adriangabriel.axtmann/gitlab-dm/gitlab/medusa/tests/integration/../assets/stl/binary/sample_binary_cube.stl'
[2026-02-11 15:58:44.373] [info] [thread 478551] [MeshLoader]   Vertices: 36
[2026-02-11 15:58:44.373] [info] [thread 478551] [MeshLoader]   Triangles: 12
[2026-02-11 15:58:44.373] [info] [thread 478551] [MeshLoader]   Skipped faces (non-triangle): 0
[2026-02-11 15:58:44.373] [info] [thread 478551] [MeshLoader]   Degenerate normals fixed: 0
[2026-02-11 15:58:44.373] [info] [thread 478551] [MeshLoader]   Bounding Box Min: (0.000, 0.000, 0.000)
[2026-02-11 15:58:44.373] [info] [thread 478551] [MeshLoader]   Bounding Box Max: (30.000, 30.000, 30.000)
[2026-02-11 15:58:44.373] [info] [thread 478551] [MeshLoader]   Bounding Box Center: (15.000, 15.000, 15.000)
[2026-02-11 15:58:44.373] [info] [thread 478551] [MeshLoader]   Bounding Radius: 15.000
[2026-02-11 15:58:44.373] [debug] [thread 478551] [MeshLoader] Starting load: '/Users/adriangabriel.axtmann/gitlab-dm/gitlab/medusa/tests/integration/../assets/obj/sample_binary_cube.obj'
[2026-02-11 15:58:44.373] [debug] [thread 478551] [MeshLoader] Assimp flags: Triangulate|GenNormals|ValidateDataStructure|JoinIdenticalVertices|FixInfacingNormals
[2026-02-11 15:58:44.553] [debug] [thread 478551] [MeshLoader] Assimp loaded scene: 1 mesh(es)
[2026-02-11 15:58:44.553] [debug] [thread 478551] [MeshLoader] Scene totals: 24 vertices, 12 faces
[2026-02-11 15:58:44.553] [debug] [thread 478551] [MeshLoader] Mesh[0]: 24 vertices, 12 faces, normals=yes
[2026-02-11 15:58:44.554] [info] [thread 478551] [MeshLoader] Successfully loaded '/Users/adriangabriel.axtmann/gitlab-dm/gitlab/medusa/tests/integration/../assets/obj/sample_binary_cube.obj'
[2026-02-11 15:58:44.554] [info] [thread 478551] [MeshLoader]   Vertices: 36
[2026-02-11 15:58:44.554] [info] [thread 478551] [MeshLoader]   Triangles: 12
[2026-02-11 15:58:44.554] [info] [thread 478551] [MeshLoader]   Skipped faces (non-triangle): 0
[2026-02-11 15:58:44.554] [info] [thread 478551] [MeshLoader]   Degenerate normals fixed: 0
[2026-02-11 15:58:44.554] [info] [thread 478551] [MeshLoader]   Bounding Box Min: (0.000, 0.000, 0.000)
[2026-02-11 15:58:44.554] [info] [thread 478551] [MeshLoader]   Bounding Box Max: (1.000, 1.000, 1.000)
[2026-02-11 15:58:44.554] [info] [thread 478551] [MeshLoader]   Bounding Box Center: (0.500, 0.500, 0.500)
[2026-02-11 15:58:44.554] [info] [thread 478551] [MeshLoader]   Bounding Radius: 0.500
[2026-02-11 15:58:44.554] [debug] [thread 478551] [MeshLoader] Starting load: '/Users/adriangabriel.axtmann/gitlab-dm/gitlab/medusa/tests/integration/../assets/stl/ascii/sample_asciii_cube.stl'
[2026-02-11 15:58:44.554] [debug] [thread 478551] [MeshLoader] Assimp flags: Triangulate|GenNormals|ValidateDataStructure|JoinIdenticalVertices|FixInfacingNormals
[2026-02-11 15:58:44.554] [debug] [thread 478551] [MeshLoader] Assimp loaded scene: 1 mesh(es)
[2026-02-11 15:58:44.554] [debug] [thread 478551] [MeshLoader] Scene totals: 24 vertices, 12 faces
[2026-02-11 15:58:44.554] [debug] [thread 478551] [MeshLoader] Mesh[0]: 24 vertices, 12 faces, normals=yes
[2026-02-11 15:58:44.554] [info] [thread 478551] [MeshLoader] Successfully loaded '/Users/adriangabriel.axtmann/gitlab-dm/gitlab/medusa/tests/integration/../assets/stl/ascii/sample_asciii_cube.stl'
[2026-02-11 15:58:44.554] [info] [thread 478551] [MeshLoader]   Vertices: 36
[2026-02-11 15:58:44.554] [info] [thread 478551] [MeshLoader]   Triangles: 12
[2026-02-11 15:58:44.554] [info] [thread 478551] [MeshLoader]   Skipped faces (non-triangle): 0
[2026-02-11 15:58:44.554] [info] [thread 478551] [MeshLoader]   Degenerate normals fixed: 0
[2026-02-11 15:58:44.554] [info] [thread 478551] [MeshLoader]   Bounding Box Min: (0.000, -20.000, 0.000)
[2026-02-11 15:58:44.554] [info] [thread 478551] [MeshLoader]   Bounding Box Max: (20.000, 0.000, 20.000)
[2026-02-11 15:58:44.554] [info] [thread 478551] [MeshLoader]   Bounding Box Center: (10.000, -10.000, 10.000)
[2026-02-11 15:58:44.554] [info] [thread 478551] [MeshLoader]   Bounding Radius: 10.000
[2026-02-11 15:58:44.554] [debug] [thread 478551] [MeshLoader] Starting load: '/Users/adriangabriel.axtmann/gitlab-dm/gitlab/medusa/tests/integration/../assets/stl/binary/sample_binary_cube.stl'
[2026-02-11 15:58:44.554] [debug] [thread 478551] [MeshLoader] Assimp flags: Triangulate|GenNormals|ValidateDataStructure|JoinIdenticalVertices|FixInfacingNormals
[2026-02-11 15:58:44.555] [debug] [thread 478551] [MeshLoader] Assimp loaded scene: 1 mesh(es)
[2026-02-11 15:58:44.555] [debug] [thread 478551] [MeshLoader] Scene totals: 24 vertices, 12 faces
[2026-02-11 15:58:44.555] [debug] [thread 478551] [MeshLoader] Mesh[0]: 24 vertices, 12 faces, normals=yes
[2026-02-11 15:58:44.555] [info] [thread 478551] [MeshLoader] Successfully loaded '/Users/adriangabriel.axtmann/gitlab-dm/gitlab/medusa/tests/integration/../assets/stl/binary/sample_binary_cube.stl'
[2026-02-11 15:58:44.555] [info] [thread 478551] [MeshLoader]   Vertices: 36
[2026-02-11 15:58:44.555] [info] [thread 478551] [MeshLoader]   Triangles: 12
[2026-02-11 15:58:44.555] [info] [thread 478551] [MeshLoader]   Skipped faces (non-triangle): 0
[2026-02-11 15:58:44.555] [info] [thread 478551] [MeshLoader]   Degenerate normals fixed: 0
[2026-02-11 15:58:44.555] [info] [thread 478551] [MeshLoader]   Bounding Box Min: (0.000, 0.000, 0.000)
[2026-02-11 15:58:44.555] [info] [thread 478551] [MeshLoader]   Bounding Box Max: (30.000, 30.000, 30.000)
[2026-02-11 15:58:44.555] [info] [thread 478551] [MeshLoader]   Bounding Box Center: (15.000, 15.000, 15.000)
[2026-02-11 15:58:44.555] [info] [thread 478551] [MeshLoader]   Bounding Radius: 15.000
[2026-02-11 15:58:44.555] [debug] [thread 478551] [MeshLoader] Starting load: '/Users/adriangabriel.axtmann/gitlab-dm/gitlab/medusa/tests/integration/../assets/obj/sample_binary_cube.obj'
[2026-02-11 15:58:44.555] [debug] [thread 478551] [MeshLoader] Assimp flags: Triangulate|GenNormals|ValidateDataStructure|JoinIdenticalVertices|FixInfacingNormals
[2026-02-11 15:58:44.736] [debug] [thread 478551] [MeshLoader] Assimp loaded scene: 1 mesh(es)
[2026-02-11 15:58:44.736] [debug] [thread 478551] [MeshLoader] Scene totals: 24 vertices, 12 faces
[2026-02-11 15:58:44.736] [debug] [thread 478551] [MeshLoader] Mesh[0]: 24 vertices, 12 faces, normals=yes
[2026-02-11 15:58:44.736] [info] [thread 478551] [MeshLoader] Successfully loaded '/Users/adriangabriel.axtmann/gitlab-dm/gitlab/medusa/tests/integration/../assets/obj/sample_binary_cube.obj'
[2026-02-11 15:58:44.736] [info] [thread 478551] [MeshLoader]   Vertices: 36
[2026-02-11 15:58:44.736] [info] [thread 478551] [MeshLoader]   Triangles: 12
[2026-02-11 15:58:44.736] [info] [thread 478551] [MeshLoader]   Skipped faces (non-triangle): 0
[2026-02-11 15:58:44.736] [info] [thread 478551] [MeshLoader]   Degenerate normals fixed: 0
[2026-02-11 15:58:44.736] [info] [thread 478551] [MeshLoader]   Bounding Box Min: (0.000, 0.000, 0.000)
[2026-02-11 15:58:44.736] [info] [thread 478551] [MeshLoader]   Bounding Box Max: (1.000, 1.000, 1.000)
[2026-02-11 15:58:44.736] [info] [thread 478551] [MeshLoader]   Bounding Box Center: (0.500, 0.500, 0.500)
[2026-02-11 15:58:44.736] [info] [thread 478551] [MeshLoader]   Bounding Radius: 0.500
[2026-02-11 15:58:44.737] [debug] [thread 478551] [MeshLoader] Starting load: '/Users/adriangabriel.axtmann/gitlab-dm/gitlab/medusa/tests/integration/../assets/stl/binary/sample_binary_cube.stl'
[2026-02-11 15:58:44.737] [debug] [thread 478551] [MeshLoader] Assimp flags: Triangulate|GenNormals|ValidateDataStructure|JoinIdenticalVertices|FixInfacingNormals
[2026-02-11 15:58:44.737] [debug] [thread 478551] [MeshLoader] Assimp loaded scene: 1 mesh(es)
[2026-02-11 15:58:44.737] [debug] [thread 478551] [MeshLoader] Scene totals: 24 vertices, 12 faces
[2026-02-11 15:58:44.737] [debug] [thread 478551] [MeshLoader] Mesh[0]: 24 vertices, 12 faces, normals=yes
[2026-02-11 15:58:44.737] [info] [thread 478551] [MeshLoader] Successfully loaded '/Users/adriangabriel.axtmann/gitlab-dm/gitlab/medusa/tests/integration/../assets/stl/binary/sample_binary_cube.stl'
[2026-02-11 15:58:44.737] [info] [thread 478551] [MeshLoader]   Vertices: 36
[2026-02-11 15:58:44.737] [info] [thread 478551] [MeshLoader]   Triangles: 12
[2026-02-11 15:58:44.737] [info] [thread 478551] [MeshLoader]   Skipped faces (non-triangle): 0
[2026-02-11 15:58:44.737] [info] [thread 478551] [MeshLoader]   Degenerate normals fixed: 0
[2026-02-11 15:58:44.737] [info] [thread 478551] [MeshLoader]   Bounding Box Min: (0.000, 0.000, 0.000)
[2026-02-11 15:58:44.737] [info] [thread 478551] [MeshLoader]   Bounding Box Max: (30.000, 30.000, 30.000)
[2026-02-11 15:58:44.737] [info] [thread 478551] [MeshLoader]   Bounding Box Center: (15.000, 15.000, 15.000)
[2026-02-11 15:58:44.737] [info] [thread 478551] [MeshLoader]   Bounding Radius: 15.000
[2026-02-11 15:58:44.737] [debug] [thread 478551] [MeshLoader] Starting load: '/Users/adriangabriel.axtmann/gitlab-dm/gitlab/medusa/tests/integration/../assets/stl/binary/sample_binary_cube.stl'
[2026-02-11 15:58:44.737] [debug] [thread 478551] [MeshLoader] Assimp flags: Triangulate|GenNormals|ValidateDataStructure|JoinIdenticalVertices|FixInfacingNormals
[2026-02-11 15:58:44.737] [debug] [thread 478551] [MeshLoader] Assimp loaded scene: 1 mesh(es)
[2026-02-11 15:58:44.737] [debug] [thread 478551] [MeshLoader] Scene totals: 24 vertices, 12 faces
[2026-02-11 15:58:44.737] [debug] [thread 478551] [MeshLoader] Mesh[0]: 24 vertices, 12 faces, normals=yes
[2026-02-11 15:58:44.737] [info] [thread 478551] [MeshLoader] Successfully loaded '/Users/adriangabriel.axtmann/gitlab-dm/gitlab/medusa/tests/integration/../assets/stl/binary/sample_binary_cube.stl'
[2026-02-11 15:58:44.737] [info] [thread 478551] [MeshLoader]   Vertices: 36
[2026-02-11 15:58:44.737] [info] [thread 478551] [MeshLoader]   Triangles: 12
[2026-02-11 15:58:44.737] [info] [thread 478551] [MeshLoader]   Skipped faces (non-triangle): 0
[2026-02-11 15:58:44.737] [info] [thread 478551] [MeshLoader]   Degenerate normals fixed: 0
[2026-02-11 15:58:44.737] [info] [thread 478551] [MeshLoader]   Bounding Box Min: (0.000, 0.000, 0.000)
[2026-02-11 15:58:44.737] [info] [thread 478551] [MeshLoader]   Bounding Box Max: (30.000, 30.000, 30.000)
[2026-02-11 15:58:44.737] [info] [thread 478551] [MeshLoader]   Bounding Box Center: (15.000, 15.000, 15.000)
[2026-02-11 15:58:44.737] [info] [thread 478551] [MeshLoader]   Bounding Radius: 15.000
[2026-02-11 15:58:44.738] [debug] [thread 478551] [MeshLoader] Trying 4 candidate path(s)
[2026-02-11 15:58:44.738] [debug] [thread 478551] [MeshLoader] Starting load: '/Users/adriangabriel.axtmann/gitlab-dm/gitlab/medusa/tests/integration/../assets/nonexistent.stl'
[2026-02-11 15:58:44.738] [debug] [thread 478551] [MeshLoader] Assimp flags: Triangulate|GenNormals|ValidateDataStructure|JoinIdenticalVertices|FixInfacingNormals
[2026-02-11 15:58:44.738] [error] [thread 478551] [MeshLoader] Assimp failed to load '/Users/adriangabriel.axtmann/gitlab-dm/gitlab/medusa/tests/integration/../assets/nonexistent.stl': Unable to open file "/Users/adriangabriel.axtmann/gitlab-dm/gitlab/medusa/tests/integration/../assets/nonexistent.stl".
[2026-02-11 15:58:44.738] [debug] [thread 478551] [MeshLoader] Starting load: '/Users/adriangabriel.axtmann/gitlab-dm/gitlab/medusa/tests/integration/../assets/also_nonexistent.obj'
[2026-02-11 15:58:44.738] [debug] [thread 478551] [MeshLoader] Assimp flags: Triangulate|GenNormals|ValidateDataStructure|JoinIdenticalVertices|FixInfacingNormals
[2026-02-11 15:58:44.738] [error] [thread 478551] [MeshLoader] Assimp failed to load '/Users/adriangabriel.axtmann/gitlab-dm/gitlab/medusa/tests/integration/../assets/also_nonexistent.obj': Unable to open file "/Users/adriangabriel.axtmann/gitlab-dm/gitlab/medusa/tests/integration/../assets/also_nonexistent.obj".
[2026-02-11 15:58:44.738] [debug] [thread 478551] [MeshLoader] Starting load: '/Users/adriangabriel.axtmann/gitlab-dm/gitlab/medusa/tests/integration/../assets/stl/ascii/sample_asciii_cube.stl'
[2026-02-11 15:58:44.738] [debug] [thread 478551] [MeshLoader] Assimp flags: Triangulate|GenNormals|ValidateDataStructure|JoinIdenticalVertices|FixInfacingNormals
[2026-02-11 15:58:44.738] [debug] [thread 478551] [MeshLoader] Assimp loaded scene: 1 mesh(es)
[2026-02-11 15:58:44.738] [debug] [thread 478551] [MeshLoader] Scene totals: 24 vertices, 12 faces
[2026-02-11 15:58:44.738] [debug] [thread 478551] [MeshLoader] Mesh[0]: 24 vertices, 12 faces, normals=yes
[2026-02-11 15:58:44.738] [info] [thread 478551] [MeshLoader] Successfully loaded '/Users/adriangabriel.axtmann/gitlab-dm/gitlab/medusa/tests/integration/../assets/stl/ascii/sample_asciii_cube.stl'
[2026-02-11 15:58:44.738] [info] [thread 478551] [MeshLoader]   Vertices: 36
[2026-02-11 15:58:44.738] [info] [thread 478551] [MeshLoader]   Triangles: 12
[2026-02-11 15:58:44.738] [info] [thread 478551] [MeshLoader]   Skipped faces (non-triangle): 0
[2026-02-11 15:58:44.738] [info] [thread 478551] [MeshLoader]   Degenerate normals fixed: 0
[2026-02-11 15:58:44.738] [info] [thread 478551] [MeshLoader]   Bounding Box Min: (0.000, -20.000, 0.000)
[2026-02-11 15:58:44.738] [info] [thread 478551] [MeshLoader]   Bounding Box Max: (20.000, 0.000, 20.000)
[2026-02-11 15:58:44.738] [info] [thread 478551] [MeshLoader]   Bounding Box Center: (10.000, -10.000, 10.000)
[2026-02-11 15:58:44.738] [info] [thread 478551] [MeshLoader]   Bounding Radius: 10.000
[2026-02-11 15:58:44.738] [debug] [thread 478551] [MeshLoader] Starting load: '/Users/adriangabriel.axtmann/gitlab-dm/gitlab/medusa/tests/integration/../assets/stl/ascii/sample_asciii_cube.stl'
[2026-02-11 15:58:44.738] [debug] [thread 478551] [MeshLoader] Assimp flags: Triangulate|GenNormals|ValidateDataStructure|JoinIdenticalVertices|FixInfacingNormals
[2026-02-11 15:58:44.739] [debug] [thread 478551] [MeshLoader] Assimp loaded scene: 1 mesh(es)
[2026-02-11 15:58:44.739] [debug] [thread 478551] [MeshLoader] Scene totals: 24 vertices, 12 faces
[2026-02-11 15:58:44.739] [debug] [thread 478551] [MeshLoader] Mesh[0]: 24 vertices, 12 faces, normals=yes
[2026-02-11 15:58:44.739] [info] [thread 478551] [MeshLoader] Successfully loaded '/Users/adriangabriel.axtmann/gitlab-dm/gitlab/medusa/tests/integration/../assets/stl/ascii/sample_asciii_cube.stl'
[2026-02-11 15:58:44.739] [info] [thread 478551] [MeshLoader]   Vertices: 36
[2026-02-11 15:58:44.739] [info] [thread 478551] [MeshLoader]   Triangles: 12
[2026-02-11 15:58:44.739] [info] [thread 478551] [MeshLoader]   Skipped faces (non-triangle): 0
[2026-02-11 15:58:44.739] [info] [thread 478551] [MeshLoader]   Degenerate normals fixed: 0
[2026-02-11 15:58:44.739] [info] [thread 478551] [MeshLoader]   Bounding Box Min: (0.000, -20.000, 0.000)
[2026-02-11 15:58:44.739] [info] [thread 478551] [MeshLoader]   Bounding Box Max: (20.000, 0.000, 20.000)
[2026-02-11 15:58:44.739] [info] [thread 478551] [MeshLoader]   Bounding Box Center: (10.000, -10.000, 10.000)
[2026-02-11 15:58:44.739] [info] [thread 478551] [MeshLoader]   Bounding Radius: 10.000
[2026-02-11 15:58:44.739] [debug] [thread 478551] [MeshLoader] Starting load: '/Users/adriangabriel.axtmann/gitlab-dm/gitlab/medusa/tests/integration/../assets/stl/binary/sample_binary_cube.stl'
[2026-02-11 15:58:44.739] [debug] [thread 478551] [MeshLoader] Assimp flags: Triangulate|GenNormals|ValidateDataStructure|JoinIdenticalVertices|FixInfacingNormals
[2026-02-11 15:58:44.739] [debug] [thread 478551] [MeshLoader] Assimp loaded scene: 1 mesh(es)
[2026-02-11 15:58:44.739] [debug] [thread 478551] [MeshLoader] Scene totals: 24 vertices, 12 faces
[2026-02-11 15:58:44.739] [debug] [thread 478551] [MeshLoader] Mesh[0]: 24 vertices, 12 faces, normals=yes
[2026-02-11 15:58:44.739] [info] [thread 478551] [MeshLoader] Successfully loaded '/Users/adriangabriel.axtmann/gitlab-dm/gitlab/medusa/tests/integration/../assets/stl/binary/sample_binary_cube.stl'
[2026-02-11 15:58:44.739] [info] [thread 478551] [MeshLoader]   Vertices: 36
[2026-02-11 15:58:44.739] [info] [thread 478551] [MeshLoader]   Triangles: 12
[2026-02-11 15:58:44.739] [info] [thread 478551] [MeshLoader]   Skipped faces (non-triangle): 0
[2026-02-11 15:58:44.739] [info] [thread 478551] [MeshLoader]   Degenerate normals fixed: 0
[2026-02-11 15:58:44.739] [info] [thread 478551] [MeshLoader]   Bounding Box Min: (0.000, 0.000, 0.000)
[2026-02-11 15:58:44.739] [info] [thread 478551] [MeshLoader]   Bounding Box Max: (30.000, 30.000, 30.000)
[2026-02-11 15:58:44.739] [info] [thread 478551] [MeshLoader]   Bounding Box Center: (15.000, 15.000, 15.000)
[2026-02-11 15:58:44.739] [info] [thread 478551] [MeshLoader]   Bounding Radius: 15.000
[2026-02-11 15:58:44.739] [debug] [thread 478551] [MeshLoader] Starting load: '/Users/adriangabriel.axtmann/gitlab-dm/gitlab/medusa/tests/integration/../assets/obj/sample_binary_cube.obj'
[2026-02-11 15:58:44.739] [debug] [thread 478551] [MeshLoader] Assimp flags: Triangulate|GenNormals|ValidateDataStructure|JoinIdenticalVertices|FixInfacingNormals
[2026-02-11 15:58:44.920] [debug] [thread 478551] [MeshLoader] Assimp loaded scene: 1 mesh(es)
[2026-02-11 15:58:44.920] [debug] [thread 478551] [MeshLoader] Scene totals: 24 vertices, 12 faces
[2026-02-11 15:58:44.920] [debug] [thread 478551] [MeshLoader] Mesh[0]: 24 vertices, 12 faces, normals=yes
[2026-02-11 15:58:44.920] [info] [thread 478551] [MeshLoader] Successfully loaded '/Users/adriangabriel.axtmann/gitlab-dm/gitlab/medusa/tests/integration/../assets/obj/sample_binary_cube.obj'
[2026-02-11 15:58:44.920] [info] [thread 478551] [MeshLoader]   Vertices: 36
[2026-02-11 15:58:44.920] [info] [thread 478551] [MeshLoader]   Triangles: 12
[2026-02-11 15:58:44.920] [info] [thread 478551] [MeshLoader]   Skipped faces (non-triangle): 0
[2026-02-11 15:58:44.920] [info] [thread 478551] [MeshLoader]   Degenerate normals fixed: 0
[2026-02-11 15:58:44.920] [info] [thread 478551] [MeshLoader]   Bounding Box Min: (0.000, 0.000, 0.000)
[2026-02-11 15:58:44.920] [info] [thread 478551] [MeshLoader]   Bounding Box Max: (1.000, 1.000, 1.000)
[2026-02-11 15:58:44.920] [info] [thread 478551] [MeshLoader]   Bounding Box Center: (0.500, 0.500, 0.500)
[2026-02-11 15:58:44.920] [info] [thread 478551] [MeshLoader]   Bounding Radius: 0.500
[2026-02-11 15:59:09.168] [info] [thread 479825] Async logger initialized (console=debug, file=debug)
[2026-02-11 15:59:09.168] [debug] [thread 479825] [MeshLoader] Starting load: '/Users/adriangabriel.axtmann/gitlab-dm/gitlab/medusa/tests/integration/../assets/stl/ascii/sample_asciii_cube.stl'
[2026-02-11 15:59:09.169] [debug] [thread 479825] [MeshLoader] Assimp flags: Triangulate|GenNormals|ValidateDataStructure|JoinIdenticalVertices|FixInfacingNormals
[2026-02-11 15:59:09.171] [debug] [thread 479825] [MeshLoader] Assimp loaded scene: 1 mesh(es)
[2026-02-11 15:59:09.171] [debug] [thread 479825] [MeshLoader] Scene totals: 24 vertices, 12 faces
[2026-02-11 15:59:09.171] [debug] [thread 479825] [MeshLoader] Mesh[0]: 24 vertices, 12 faces, normals=yes
[2026-02-11 15:59:09.171] [info] [thread 479825] [MeshLoader] Successfully loaded '/Users/adriangabriel.axtmann/gitlab-dm/gitlab/medusa/tests/integration/../assets/stl/ascii/sample_asciii_cube.stl'
[2026-02-11 15:59:09.171] [info] [thread 479825] [MeshLoader]   Vertices: 36
[2026-02-11 15:59:09.171] [info] [thread 479825] [MeshLoader]   Triangles: 12
[2026-02-11 15:59:09.171] [info] [thread 479825] [MeshLoader]   Skipped faces (non-triangle): 0
[2026-02-11 15:59:09.171] [info] [thread 479825] [MeshLoader]   Degenerate normals fixed: 0
[2026-02-11 15:59:09.171] [info] [thread 479825] [MeshLoader]   Bounding Box Min: (0.000, -20.000, 0.000)
[2026-02-11 15:59:09.171] [info] [thread 479825] [MeshLoader]   Bounding Box Max: (20.000, 0.000, 20.000)
[2026-02-11 15:59:09.171] [info] [thread 479825] [MeshLoader]   Bounding Box Center: (10.000, -10.000, 10.000)
[2026-02-11 15:59:09.171] [info] [thread 479825] [MeshLoader]   Bounding Radius: 10.000
[2026-02-11 15:59:09.172] [debug] [thread 479825] [MeshLoader] Starting load: '/Users/adriangabriel.axtmann/gitlab-dm/gitlab/medusa/tests/integration/../assets/stl/binary/sample_binary_cube.stl'
[2026-02-11 15:59:09.172] [debug] [thread 479825] [MeshLoader] Assimp flags: Triangulate|GenNormals|ValidateDataStructure|JoinIdenticalVertices|FixInfacingNormals
[2026-02-11 15:59:09.172] [debug] [thread 479825] [MeshLoader] Assimp loaded scene: 1 mesh(es)
[2026-02-11 15:59:09.172] [debug] [thread 479825] [MeshLoader] Scene totals: 24 vertices, 12 faces
[2026-02-11 15:59:09.172] [debug] [thread 479825] [MeshLoader] Mesh[0]: 24 vertices, 12 faces, normals=yes
[2026-02-11 15:59:09.172] [info] [thread 479825] [MeshLoader] Successfully loaded '/Users/adriangabriel.axtmann/gitlab-dm/gitlab/medusa/tests/integration/../assets/stl/binary/sample_binary_cube.stl'
[2026-02-11 15:59:09.172] [info] [thread 479825] [MeshLoader]   Vertices: 36
[2026-02-11 15:59:09.172] [info] [thread 479825] [MeshLoader]   Triangles: 12
[2026-02-11 15:59:09.172] [info] [thread 479825] [MeshLoader]   Skipped faces (non-triangle): 0
[2026-02-11 15:59:09.172] [info] [thread 479825] [MeshLoader]   Degenerate normals fixed: 0
[2026-02-11 15:59:09.172] [info] [thread 479825] [MeshLoader]   Bounding Box Min: (0.000, 0.000, 0.000)
[2026-02-11 15:59:09.172] [info] [thread 479825] [MeshLoader]   Bounding Box Max: (30.000, 30.000, 30.000)
[2026-02-11 15:59:09.172] [info] [thread 479825] [MeshLoader]   Bounding Box Center: (15.000, 15.000, 15.000)
[2026-02-11 15:59:09.172] [info] [thread 479825] [MeshLoader]   Bounding Radius: 15.000
[2026-02-11 15:59:09.172] [debug] [thread 479825] [MeshLoader] Starting load: '/Users/adriangabriel.axtmann/gitlab-dm/gitlab/medusa/tests/integration/../assets/obj/sample_binary_cube.obj'
[2026-02-11 15:59:09.173] [debug] [thread 479825] [MeshLoader] Assimp flags: Triangulate|GenNormals|ValidateDataStructure|JoinIdenticalVertices|FixInfacingNormals
[2026-02-11 15:59:09.358] [debug] [thread 479825] [MeshLoader] Assimp loaded scene: 1 mesh(es)
[2026-02-11 15:59:09.358] [debug] [thread 479825] [MeshLoader] Scene totals: 24 vertices, 12 faces
[2026-02-11 15:59:09.358] [debug] [thread 479825] [MeshLoader] Mesh[0]: 24 vertices, 12 faces, normals=yes
[2026-02-11 15:59:09.358] [info] [thread 479825] [MeshLoader] Successfully loaded '/Users/adriangabriel.axtmann/gitlab-dm/gitlab/medusa/tests/integration/../assets/obj/sample_binary_cube.obj'
[2026-02-11 15:59:09.358] [info] [thread 479825] [MeshLoader]   Vertices: 36
[2026-02-11 15:59:09.358] [info] [thread 479825] [MeshLoader]   Triangles: 12
[2026-02-11 15:59:09.358] [info] [thread 479825] [MeshLoader]   Skipped faces (non-triangle): 0
[2026-02-11 15:59:09.358] [info] [thread 479825] [MeshLoader]   Degenerate normals fixed: 0
[2026-02-11 15:59:09.358] [info] [thread 479825] [MeshLoader]   Bounding Box Min: (0.000, 0.000, 0.000)
[2026-02-11 15:59:09.358] [info] [thread 479825] [MeshLoader]   Bounding Box Max: (1.000, 1.000, 1.000)
[2026-02-11 15:59:09.358] [info] [thread 479825] [MeshLoader]   Bounding Box Center: (0.500, 0.500, 0.500)
[2026-02-11 15:59:09.358] [info] [thread 479825] [MeshLoader]   Bounding Radius: 0.500
[2026-02-11 15:59:09.358] [debug] [thread 479825] [MeshLoader] Starting load: '/Users/adriangabriel.axtmann/gitlab-dm/gitlab/medusa/tests/integration/../assets/stl/binary/sample_binary_cube.stl'
[2026-02-11 15:59:09.358] [debug] [thread 479825] [MeshLoader] Assimp flags: Triangulate|GenNormals|ValidateDataStructure|JoinIdenticalVertices|FixInfacingNormals
[2026-02-11 15:59:09.359] [debug] [thread 479825] [MeshLoader] Assimp loaded scene: 1 mesh(es)
[2026-02-11 15:59:09.359] [debug] [thread 479825] [MeshLoader] Scene totals: 24 vertices, 12 faces
[2026-02-11 15:59:09.359] [debug] [thread 479825] [MeshLoader] Mesh[0]: 24 vertices, 12 faces, normals=yes
[2026-02-11 15:59:09.359] [info] [thread 479825] [MeshLoader] Successfully loaded '/Users/adriangabriel.axtmann/gitlab-dm/gitlab/medusa/tests/integration/../assets/stl/binary/sample_binary_cube.stl'
[2026-02-11 15:59:09.359] [info] [thread 479825] [MeshLoader]   Vertices: 36
[2026-02-11 15:59:09.359] [info] [thread 479825] [MeshLoader]   Triangles: 12
[2026-02-11 15:59:09.359] [info] [thread 479825] [MeshLoader]   Skipped faces (non-triangle): 0
[2026-02-11 15:59:09.359] [info] [thread 479825] [MeshLoader]   Degenerate normals fixed: 0
[2026-02-11 15:59:09.359] [info] [thread 479825] [MeshLoader]   Bounding Box Min: (0.000, 0.000, 0.000)
[2026-02-11 15:59:09.359] [info] [thread 479825] [MeshLoader]   Bounding Box Max: (30.000, 30.000, 30.000)
[2026-02-11 15:59:09.359] [info] [thread 479825] [MeshLoader]   Bounding Box Center: (15.000, 15.000, 15.000)
[2026-02-11 15:59:09.359] [info] [thread 479825] [MeshLoader]   Bounding Radius: 15.000
[2026-02-11 15:59:09.359] [debug] [thread 479825] [MeshLoader] Starting load: '/Users/adriangabriel.axtmann/gitlab-dm/gitlab/medusa/tests/integration/../assets/stl/ascii/sample_asciii_cube.stl'
[2026-02-11 15:59:09.359] [debug] [thread 479825] [MeshLoader] Assimp flags: Triangulate|GenNormals|ValidateDataStructure|JoinIdenticalVertices|FixInfacingNormals
[2026-02-11 15:59:09.359] [debug] [thread 479825] [MeshLoader] Assimp loaded scene: 1 mesh(es)
[2026-02-11 15:59:09.359] [debug] [thread 479825] [MeshLoader] Scene totals: 24 vertices, 12 faces
[2026-02-11 15:59:09.359] [debug] [thread 479825] [MeshLoader] Mesh[0]: 24 vertices, 12 faces, normals=yes
[2026-02-11 15:59:09.359] [info] [thread 479825] [MeshLoader] Successfully loaded '/Users/adriangabriel.axtmann/gitlab-dm/gitlab/medusa/tests/integration/../assets/stl/ascii/sample_asciii_cube.stl'
[2026-02-11 15:59:09.359] [info] [thread 479825] [MeshLoader]   Vertices: 36
[2026-02-11 15:59:09.359] [info] [thread 479825] [MeshLoader]   Triangles: 12
[2026-02-11 15:59:09.359] [info] [thread 479825] [MeshLoader]   Skipped faces (non-triangle): 0
[2026-02-11 15:59:09.359] [info] [thread 479825] [MeshLoader]   Degenerate normals fixed: 0
[2026-02-11 15:59:09.359] [info] [thread 479825] [MeshLoader]   Bounding Box Min: (0.000, -20.000, 0.000)
[2026-02-11 15:59:09.359] [info] [thread 479825] [MeshLoader]   Bounding Box Max: (20.000, 0.000, 20.000)
[2026-02-11 15:59:09.359] [info] [thread 479825] [MeshLoader]   Bounding Box Center: (10.000, -10.000, 10.000)
[2026-02-11 15:59:09.359] [info] [thread 479825] [MeshLoader]   Bounding Radius: 10.000
[2026-02-11 15:59:09.359] [debug] [thread 479825] [MeshLoader] Starting load: '/Users/adriangabriel.axtmann/gitlab-dm/gitlab/medusa/tests/integration/../assets/stl/binary/sample_binary_cube.stl'
[2026-02-11 15:59:09.360] [debug] [thread 479825] [MeshLoader] Assimp flags: Triangulate|GenNormals|ValidateDataStructure|JoinIdenticalVertices|FixInfacingNormals
[2026-02-11 15:59:09.360] [debug] [thread 479825] [MeshLoader] Assimp loaded scene: 1 mesh(es)
[2026-02-11 15:59:09.360] [debug] [thread 479825] [MeshLoader] Scene totals: 24 vertices, 12 faces
[2026-02-11 15:59:09.360] [debug] [thread 479825] [MeshLoader] Mesh[0]: 24 vertices, 12 faces, normals=yes
[2026-02-11 15:59:09.360] [info] [thread 479825] [MeshLoader] Successfully loaded '/Users/adriangabriel.axtmann/gitlab-dm/gitlab/medusa/tests/integration/../assets/stl/binary/sample_binary_cube.stl'
[2026-02-11 15:59:09.360] [info] [thread 479825] [MeshLoader]   Vertices: 36
[2026-02-11 15:59:09.360] [info] [thread 479825] [MeshLoader]   Triangles: 12
[2026-02-11 15:59:09.360] [info] [thread 479825] [MeshLoader]   Skipped faces (non-triangle): 0
[2026-02-11 15:59:09.360] [info] [thread 479825] [MeshLoader]   Degenerate normals fixed: 0
[2026-02-11 15:59:09.360] [info] [thread 479825] [MeshLoader]   Bounding Box Min: (0.000, 0.000, 0.000)
[2026-02-11 15:59:09.360] [info] [thread 479825] [MeshLoader]   Bounding Box Max: (30.000, 30.000, 30.000)
[2026-02-11 15:59:09.360] [info] [thread 479825] [MeshLoader]   Bounding Box Center: (15.000, 15.000, 15.000)
[2026-02-11 15:59:09.360] [info] [thread 479825] [MeshLoader]   Bounding Radius: 15.000
[2026-02-11 15:59:09.360] [debug] [thread 479825] [MeshLoader] Starting load: '/Users/adriangabriel.axtmann/gitlab-dm/gitlab/medusa/tests/integration/../assets/obj/sample_binary_cube.obj'
[2026-02-11 15:59:09.360] [debug] [thread 479825] [MeshLoader] Assimp flags: Triangulate|GenNormals|ValidateDataStructure|JoinIdenticalVertices|FixInfacingNormals
[2026-02-11 15:59:09.544] [debug] [thread 479825] [MeshLoader] Assimp loaded scene: 1 mesh(es)
[2026-02-11 15:59:09.544] [debug] [thread 479825] [MeshLoader] Scene totals: 24 vertices, 12 faces
[2026-02-11 15:59:09.544] [debug] [thread 479825] [MeshLoader] Mesh[0]: 24 vertices, 12 faces, normals=yes
[2026-02-11 15:59:09.545] [info] [thread 479825] [MeshLoader] Successfully loaded '/Users/adriangabriel.axtmann/gitlab-dm/gitlab/medusa/tests/integration/../assets/obj/sample_binary_cube.obj'
[2026-02-11 15:59:09.545] [info] [thread 479825] [MeshLoader]   Vertices: 36
[2026-02-11 15:59:09.545] [info] [thread 479825] [MeshLoader]   Triangles: 12
[2026-02-11 15:59:09.545] [info] [thread 479825] [MeshLoader]   Skipped faces (non-triangle): 0
[2026-02-11 15:59:09.545] [info] [thread 479825] [MeshLoader]   Degenerate normals fixed: 0
[2026-02-11 15:59:09.545] [info] [thread 479825] [MeshLoader]   Bounding Box Min: (0.000, 0.000, 0.000)
[2026-02-11 15:59:09.545] [info] [thread 479825] [MeshLoader]   Bounding Box Max: (1.000, 1.000, 1.000)
[2026-02-11 15:59:09.545] [info] [thread 479825] [MeshLoader]   Bounding Box Center: (0.500, 0.500, 0.500)
[2026-02-11 15:59:09.545] [info] [thread 479825] [MeshLoader]   Bounding Radius: 0.500
[2026-02-11 15:59:09.545] [debug] [thread 479825] [MeshLoader] Starting load: '/Users/adriangabriel.axtmann/gitlab-dm/gitlab/medusa/tests/integration/../assets/stl/ascii/sample_asciii_cube.stl'
[2026-02-11 15:59:09.545] [debug] [thread 479825] [MeshLoader] Assimp flags: Triangulate|GenNormals|ValidateDataStructure|JoinIdenticalVertices|FixInfacingNormals
[2026-02-11 15:59:09.545] [debug] [thread 479825] [MeshLoader] Assimp loaded scene: 1 mesh(es)
[2026-02-11 15:59:09.545] [debug] [thread 479825] [MeshLoader] Scene totals: 24 vertices, 12 faces
[2026-02-11 15:59:09.545] [debug] [thread 479825] [MeshLoader] Mesh[0]: 24 vertices, 12 faces, normals=yes
[2026-02-11 15:59:09.545] [info] [thread 479825] [MeshLoader] Successfully loaded '/Users/adriangabriel.axtmann/gitlab-dm/gitlab/medusa/tests/integration/../assets/stl/ascii/sample_asciii_cube.stl'
[2026-02-11 15:59:09.545] [info] [thread 479825] [MeshLoader]   Vertices: 36
[2026-02-11 15:59:09.545] [info] [thread 479825] [MeshLoader]   Triangles: 12
[2026-02-11 15:59:09.545] [info] [thread 479825] [MeshLoader]   Skipped faces (non-triangle): 0
[2026-02-11 15:59:09.545] [info] [thread 479825] [MeshLoader]   Degenerate normals fixed: 0
[2026-02-11 15:59:09.545] [info] [thread 479825] [MeshLoader]   Bounding Box Min: (0.000, -20.000, 0.000)
[2026-02-11 15:59:09.545] [info] [thread 479825] [MeshLoader]   Bounding Box Max: (20.000, 0.000, 20.000)
[2026-02-11 15:59:09.545] [info] [thread 479825] [MeshLoader]   Bounding Box Center: (10.000, -10.000, 10.000)
[2026-02-11 15:59:09.545] [info] [thread 479825] [MeshLoader]   Bounding Radius: 10.000
[2026-02-11 15:59:09.545] [debug] [thread 479825] [MeshLoader] Starting load: '/Users/adriangabriel.axtmann/gitlab-dm/gitlab/medusa/tests/integration/../assets/stl/binary/sample_binary_cube.stl'
[2026-02-11 15:59:09.546] [debug] [thread 479825] [MeshLoader] Assimp flags: Triangulate|GenNormals|ValidateDataStructure|JoinIdenticalVertices|FixInfacingNormals
[2026-02-11 15:59:09.546] [debug] [thread 479825] [MeshLoader] Assimp loaded scene: 1 mesh(es)
[2026-02-11 15:59:09.546] [debug] [thread 479825] [MeshLoader] Scene totals: 24 vertices, 12 faces
[2026-02-11 15:59:09.546] [debug] [thread 479825] [MeshLoader] Mesh[0]: 24 vertices, 12 faces, normals=yes
[2026-02-11 15:59:09.546] [info] [thread 479825] [MeshLoader] Successfully loaded '/Users/adriangabriel.axtmann/gitlab-dm/gitlab/medusa/tests/integration/../assets/stl/binary/sample_binary_cube.stl'
[2026-02-11 15:59:09.546] [info] [thread 479825] [MeshLoader]   Vertices: 36
[2026-02-11 15:59:09.546] [info] [thread 479825] [MeshLoader]   Triangles: 12
[2026-02-11 15:59:09.546] [info] [thread 479825] [MeshLoader]   Skipped faces (non-triangle): 0
[2026-02-11 15:59:09.546] [info] [thread 479825] [MeshLoader]   Degenerate normals fixed: 0
[2026-02-11 15:59:09.546] [info] [thread 479825] [MeshLoader]   Bounding Box Min: (0.000, 0.000, 0.000)
[2026-02-11 15:59:09.546] [info] [thread 479825] [MeshLoader]   Bounding Box Max: (30.000, 30.000, 30.000)
[2026-02-11 15:59:09.546] [info] [thread 479825] [MeshLoader]   Bounding Box Center: (15.000, 15.000, 15.000)
[2026-02-11 15:59:09.546] [info] [thread 479825] [MeshLoader]   Bounding Radius: 15.000
[2026-02-11 15:59:09.546] [debug] [thread 479825] [MeshLoader] Starting load: '/Users/adriangabriel.axtmann/gitlab-dm/gitlab/medusa/tests/integration/../assets/stl/ascii/sample_asciii_cube.stl'
[2026-02-11 15:59:09.546] [debug] [thread 479825] [MeshLoader] Assimp flags: Triangulate|GenNormals|ValidateDataStructure|JoinIdenticalVertices|FixInfacingNormals
[2026-02-11 15:59:09.547] [debug] [thread 479825] [MeshLoader] Assimp loaded scene: 1 mesh(es)
[2026-02-11 15:59:09.547] [debug] [thread 479825] [MeshLoader] Scene totals: 24 vertices, 12 faces
[2026-02-11 15:59:09.547] [debug] [thread 479825] [MeshLoader] Mesh[0]: 24 vertices, 12 faces, normals=yes
[2026-02-11 15:59:09.547] [info] [thread 479825] [MeshLoader] Successfully loaded '/Users/adriangabriel.axtmann/gitlab-dm/gitlab/medusa/tests/integration/../assets/stl/ascii/sample_asciii_cube.stl'
[2026-02-11 15:59:09.547] [info] [thread 479825] [MeshLoader]   Vertices: 36
[2026-02-11 15:59:09.547] [info] [thread 479825] [MeshLoader]   Triangles: 12
[2026-02-11 15:59:09.547] [info] [thread 479825] [MeshLoader]   Skipped faces (non-triangle): 0
[2026-02-11 15:59:09.547] [info] [thread 479825] [MeshLoader]   Degenerate normals fixed: 0
[2026-02-11 15:59:09.547] [info] [thread 479825] [MeshLoader]   Bounding Box Min: (0.000, -20.000, 0.000)
[2026-02-11 15:59:09.547] [info] [thread 479825] [MeshLoader]   Bounding Box Max: (20.000, 0.000, 20.000)
[2026-02-11 15:59:09.547] [info] [thread 479825] [MeshLoader]   Bounding Box Center: (10.000, -10.000, 10.000)
[2026-02-11 15:59:09.547] [info] [thread 479825] [MeshLoader]   Bounding Radius: 10.000
[2026-02-11 15:59:09.547] [debug] [thread 479825] [MeshLoader] Starting load: '/Users/adriangabriel.axtmann/gitlab-dm/gitlab/medusa/tests/integration/../assets/stl/binary/sample_binary_cube.stl'
[2026-02-11 15:59:09.547] [debug] [thread 479825] [MeshLoader] Assimp flags: Triangulate|GenNormals|ValidateDataStructure|JoinIdenticalVertices|FixInfacingNormals
[2026-02-11 15:59:09.547] [debug] [thread 479825] [MeshLoader] Assimp loaded scene: 1 mesh(es)
[2026-02-11 15:59:09.547] [debug] [thread 479825] [MeshLoader] Scene totals: 24 vertices, 12 faces
[2026-02-11 15:59:09.547] [debug] [thread 479825] [MeshLoader] Mesh[0]: 24 vertices, 12 faces, normals=yes
[2026-02-11 15:59:09.547] [info] [thread 479825] [MeshLoader] Successfully loaded '/Users/adriangabriel.axtmann/gitlab-dm/gitlab/medusa/tests/integration/../assets/stl/binary/sample_binary_cube.stl'
[2026-02-11 15:59:09.547] [info] [thread 479825] [MeshLoader]   Vertices: 36
[2026-02-11 15:59:09.547] [info] [thread 479825] [MeshLoader]   Triangles: 12
[2026-02-11 15:59:09.547] [info] [thread 479825] [MeshLoader]   Skipped faces (non-triangle): 0
[2026-02-11 15:59:09.547] [info] [thread 479825] [MeshLoader]   Degenerate normals fixed: 0
[2026-02-11 15:59:09.547] [info] [thread 479825] [MeshLoader]   Bounding Box Min: (0.000, 0.000, 0.000)
[2026-02-11 15:59:09.547] [info] [thread 479825] [MeshLoader]   Bounding Box Max: (30.000, 30.000, 30.000)
[2026-02-11 15:59:09.547] [info] [thread 479825] [MeshLoader]   Bounding Box Center: (15.000, 15.000, 15.000)
[2026-02-11 15:59:09.547] [info] [thread 479825] [MeshLoader]   Bounding Radius: 15.000
[2026-02-11 15:59:09.547] [debug] [thread 479825] [MeshLoader] Starting load: '/Users/adriangabriel.axtmann/gitlab-dm/gitlab/medusa/tests/integration/../assets/obj/sample_binary_cube.obj'
[2026-02-11 15:59:09.547] [debug] [thread 479825] [MeshLoader] Assimp flags: Triangulate|GenNormals|ValidateDataStructure|JoinIdenticalVertices|FixInfacingNormals
[2026-02-11 15:59:09.731] [debug] [thread 479825] [MeshLoader] Assimp loaded scene: 1 mesh(es)
[2026-02-11 15:59:09.731] [debug] [thread 479825] [MeshLoader] Scene totals: 24 vertices, 12 faces
[2026-02-11 15:59:09.731] [debug] [thread 479825] [MeshLoader] Mesh[0]: 24 vertices, 12 faces, normals=yes
[2026-02-11 15:59:09.731] [info] [thread 479825] [MeshLoader] Successfully loaded '/Users/adriangabriel.axtmann/gitlab-dm/gitlab/medusa/tests/integration/../assets/obj/sample_binary_cube.obj'
[2026-02-11 15:59:09.731] [info] [thread 479825] [MeshLoader]   Vertices: 36
[2026-02-11 15:59:09.731] [info] [thread 479825] [MeshLoader]   Triangles: 12
[2026-02-11 15:59:09.731] [info] [thread 479825] [MeshLoader]   Skipped faces (non-triangle): 0
[2026-02-11 15:59:09.731] [info] [thread 479825] [MeshLoader]   Degenerate normals fixed: 0
[2026-02-11 15:59:09.731] [info] [thread 479825] [MeshLoader]   Bounding Box Min: (0.000, 0.000, 0.000)
[2026-02-11 15:59:09.731] [info] [thread 479825] [MeshLoader]   Bounding Box Max: (1.000, 1.000, 1.000)
[2026-02-11 15:59:09.731] [info] [thread 479825] [MeshLoader]   Bounding Box Center: (0.500, 0.500, 0.500)
[2026-02-11 15:59:09.731] [info] [thread 479825] [MeshLoader]   Bounding Radius: 0.500
[2026-02-11 15:59:09.731] [debug] [thread 479825] [MeshLoader] Starting load: '/Users/adriangabriel.axtmann/gitlab-dm/gitlab/medusa/tests/integration/../assets/stl/ascii/sample_asciii_cube.stl'
[2026-02-11 15:59:09.731] [debug] [thread 479825] [MeshLoader] Assimp flags: Triangulate|GenNormals|ValidateDataStructure|JoinIdenticalVertices|FixInfacingNormals
[2026-02-11 15:59:09.732] [debug] [thread 479825] [MeshLoader] Assimp loaded scene: 1 mesh(es)
[2026-02-11 15:59:09.732] [debug] [thread 479825] [MeshLoader] Scene totals: 24 vertices, 12 faces
[2026-02-11 15:59:09.732] [debug] [thread 479825] [MeshLoader] Mesh[0]: 24 vertices, 12 faces, normals=yes
[2026-02-11 15:59:09.732] [info] [thread 479825] [MeshLoader] Successfully loaded '/Users/adriangabriel.axtmann/gitlab-dm/gitlab/medusa/tests/integration/../assets/stl/ascii/sample_asciii_cube.stl'
[2026-02-11 15:59:09.732] [info] [thread 479825] [MeshLoader]   Vertices: 36
[2026-02-11 15:59:09.732] [info] [thread 479825] [MeshLoader]   Triangles: 12
[2026-02-11 15:59:09.732] [info] [thread 479825] [MeshLoader]   Skipped faces (non-triangle): 0
[2026-02-11 15:59:09.732] [info] [thread 479825] [MeshLoader]   Degenerate normals fixed: 0
[2026-02-11 15:59:09.732] [info] [thread 479825] [MeshLoader]   Bounding Box Min: (0.000, -20.000, 0.000)
[2026-02-11 15:59:09.732] [info] [thread 479825] [MeshLoader]   Bounding Box Max: (20.000, 0.000, 20.000)
[2026-02-11 15:59:09.732] [info] [thread 479825] [MeshLoader]   Bounding Box Center: (10.000, -10.000, 10.000)
[2026-02-11 15:59:09.732] [info] [thread 479825] [MeshLoader]   Bounding Radius: 10.000
[2026-02-11 15:59:09.732] [debug] [thread 479825] [MeshLoader] Starting load: '/Users/adriangabriel.axtmann/gitlab-dm/gitlab/medusa/tests/integration/../assets/stl/ascii/sample_asciii_cube.stl'
[2026-02-11 15:59:09.732] [debug] [thread 479825] [MeshLoader] Assimp flags: Triangulate|GenNormals|ValidateDataStructure|JoinIdenticalVertices|FixInfacingNormals
[2026-02-11 15:59:09.732] [debug] [thread 479825] [MeshLoader] Assimp loaded scene: 1 mesh(es)
[2026-02-11 15:59:09.732] [debug] [thread 479825] [MeshLoader] Scene totals: 24 vertices, 12 faces
[2026-02-11 15:59:09.732] [debug] [thread 479825] [MeshLoader] Mesh[0]: 24 vertices, 12 faces, normals=yes
[2026-02-11 15:59:09.732] [info] [thread 479825] [MeshLoader] Successfully loaded '/Users/adriangabriel.axtmann/gitlab-dm/gitlab/medusa/tests/integration/../assets/stl/ascii/sample_asciii_cube.stl'
[2026-02-11 15:59:09.732] [info] [thread 479825] [MeshLoader]   Vertices: 36
[2026-02-11 15:59:09.732] [info] [thread 479825] [MeshLoader]   Triangles: 12
[2026-02-11 15:59:09.732] [info] [thread 479825] [MeshLoader]   Skipped faces (non-triangle): 0
[2026-02-11 15:59:09.732] [info] [thread 479825] [MeshLoader]   Degenerate normals fixed: 0
[2026-02-11 15:59:09.732] [info] [thread 479825] [MeshLoader]   Bounding Box Min: (0.000, -20.000, 0.000)
[2026-02-11 15:59:09.732] [info] [thread 479825] [MeshLoader]   Bounding Box Max: (20.000, 0.000, 20.000)
[2026-02-11 15:59:09.732] [info] [thread 479825] [MeshLoader]   Bounding Box Center: (10.000, -10.000, 10.000)
[2026-02-11 15:59:09.732] [info] [thread 479825] [MeshLoader]   Bounding Radius: 10.000
[2026-02-11 15:59:09.732] [debug] [thread 479825] [MeshLoader] Starting load: '/Users/adriangabriel.axtmann/gitlab-dm/gitlab/medusa/tests/integration/../assets/stl/binary/sample_binary_cube.stl'
[2026-02-11 15:59:09.733] [debug] [thread 479825] [MeshLoader] Assimp flags: Triangulate|GenNormals|ValidateDataStructure|JoinIdenticalVertices|FixInfacingNormals
[2026-02-11 15:59:09.733] [debug] [thread 479825] [MeshLoader] Assimp loaded scene: 1 mesh(es)
[2026-02-11 15:59:09.733] [debug] [thread 479825] [MeshLoader] Scene totals: 24 vertices, 12 faces
[2026-02-11 15:59:09.733] [debug] [thread 479825] [MeshLoader] Mesh[0]: 24 vertices, 12 faces, normals=yes
[2026-02-11 15:59:09.733] [info] [thread 479825] [MeshLoader] Successfully loaded '/Users/adriangabriel.axtmann/gitlab-dm/gitlab/medusa/tests/integration/../assets/stl/binary/sample_binary_cube.stl'
[2026-02-11 15:59:09.733] [info] [thread 479825] [MeshLoader]   Vertices: 36
[2026-02-11 15:59:09.733] [info] [thread 479825] [MeshLoader]   Triangles: 12
[2026-02-11 15:59:09.733] [info] [thread 479825] [MeshLoader]   Skipped faces (non-triangle): 0
[2026-02-11 15:59:09.733] [info] [thread 479825] [MeshLoader]   Degenerate normals fixed: 0
[2026-02-11 15:59:09.733] [info] [thread 479825] [MeshLoader]   Bounding Box Min: (0.000, 0.000, 0.000)
[2026-02-11 15:59:09.733] [info] [thread 479825] [MeshLoader]   Bounding Box Max: (30.000, 30.000, 30.000)
[2026-02-11 15:59:09.733] [info] [thread 479825] [MeshLoader]   Bounding Box Center: (15.000, 15.000, 15.000)
[2026-02-11 15:59:09.733] [info] [thread 479825] [MeshLoader]   Bounding Radius: 15.000
[2026-02-11 15:59:09.733] [debug] [thread 479825] [MeshLoader] Starting load: '/Users/adriangabriel.axtmann/gitlab-dm/gitlab/medusa/tests/integration/../assets/obj/sample_binary_cube.obj'
[2026-02-11 15:59:09.733] [debug] [thread 479825] [MeshLoader] Assimp flags: Triangulate|GenNormals|ValidateDataStructure|JoinIdenticalVertices|FixInfacingNormals
[2026-02-11 15:59:09.916] [debug] [thread 479825] [MeshLoader] Assimp loaded scene: 1 mesh(es)
[2026-02-11 15:59:09.916] [debug] [thread 479825] [MeshLoader] Scene totals: 24 vertices, 12 faces
[2026-02-11 15:59:09.916] [debug] [thread 479825] [MeshLoader] Mesh[0]: 24 vertices, 12 faces, normals=yes
[2026-02-11 15:59:09.916] [info] [thread 479825] [MeshLoader] Successfully loaded '/Users/adriangabriel.axtmann/gitlab-dm/gitlab/medusa/tests/integration/../assets/obj/sample_binary_cube.obj'
[2026-02-11 15:59:09.916] [info] [thread 479825] [MeshLoader]   Vertices: 36
[2026-02-11 15:59:09.916] [info] [thread 479825] [MeshLoader]   Triangles: 12
[2026-02-11 15:59:09.916] [info] [thread 479825] [MeshLoader]   Skipped faces (non-triangle): 0
[2026-02-11 15:59:09.916] [info] [thread 479825] [MeshLoader]   Degenerate normals fixed: 0
[2026-02-11 15:59:09.916] [info] [thread 479825] [MeshLoader]   Bounding Box Min: (0.000, 0.000, 0.000)
[2026-02-11 15:59:09.916] [info] [thread 479825] [MeshLoader]   Bounding Box Max: (1.000, 1.000, 1.000)
[2026-02-11 15:59:09.916] [info] [thread 479825] [MeshLoader]   Bounding Box Center: (0.500, 0.500, 0.500)
[2026-02-11 15:59:09.916] [info] [thread 479825] [MeshLoader]   Bounding Radius: 0.500
[2026-02-11 15:59:09.916] [debug] [thread 479825] [MeshLoader] Starting load: '/Users/adriangabriel.axtmann/gitlab-dm/gitlab/medusa/tests/integration/../assets/stl/ascii/sample_asciii_cube.stl'
[2026-02-11 15:59:09.916] [debug] [thread 479825] [MeshLoader] Assimp flags: Triangulate|GenNormals|ValidateDataStructure|JoinIdenticalVertices|FixInfacingNormals
[2026-02-11 15:59:09.917] [debug] [thread 479825] [MeshLoader] Assimp loaded scene: 1 mesh(es)
[2026-02-11 15:59:09.917] [debug] [thread 479825] [MeshLoader] Scene totals: 24 vertices, 12 faces
[2026-02-11 15:59:09.917] [debug] [thread 479825] [MeshLoader] Mesh[0]: 24 vertices, 12 faces, normals=yes
[2026-02-11 15:59:09.917] [info] [thread 479825] [MeshLoader] Successfully loaded '/Users/adriangabriel.axtmann/gitlab-dm/gitlab/medusa/tests/integration/../assets/stl/ascii/sample_asciii_cube.stl'
[2026-02-11 15:59:09.917] [info] [thread 479825] [MeshLoader]   Vertices: 36
[2026-02-11 15:59:09.917] [info] [thread 479825] [MeshLoader]   Triangles: 12
[2026-02-11 15:59:09.917] [info] [thread 479825] [MeshLoader]   Skipped faces (non-triangle): 0
[2026-02-11 15:59:09.917] [info] [thread 479825] [MeshLoader]   Degenerate normals fixed: 0
[2026-02-11 15:59:09.917] [info] [thread 479825] [MeshLoader]   Bounding Box Min: (0.000, -20.000, 0.000)
[2026-02-11 15:59:09.917] [info] [thread 479825] [MeshLoader]   Bounding Box Max: (20.000, 0.000, 20.000)
[2026-02-11 15:59:09.917] [info] [thread 479825] [MeshLoader]   Bounding Box Center: (10.000, -10.000, 10.000)
[2026-02-11 15:59:09.917] [info] [thread 479825] [MeshLoader]   Bounding Radius: 10.000
[2026-02-11 15:59:09.917] [debug] [thread 479825] [MeshLoader] Starting load: '/Users/adriangabriel.axtmann/gitlab-dm/gitlab/medusa/tests/integration/../assets/stl/binary/sample_binary_cube.stl'
[2026-02-11 15:59:09.917] [debug] [thread 479825] [MeshLoader] Assimp flags: Triangulate|GenNormals|ValidateDataStructure|JoinIdenticalVertices|FixInfacingNormals
[2026-02-11 15:59:09.917] [debug] [thread 479825] [MeshLoader] Assimp loaded scene: 1 mesh(es)
[2026-02-11 15:59:09.917] [debug] [thread 479825] [MeshLoader] Scene totals: 24 vertices, 12 faces
[2026-02-11 15:59:09.917] [debug] [thread 479825] [MeshLoader] Mesh[0]: 24 vertices, 12 faces, normals=yes
[2026-02-11 15:59:09.917] [info] [thread 479825] [MeshLoader] Successfully loaded '/Users/adriangabriel.axtmann/gitlab-dm/gitlab/medusa/tests/integration/../assets/stl/binary/sample_binary_cube.stl'
[2026-02-11 15:59:09.917] [info] [thread 479825] [MeshLoader]   Vertices: 36
[2026-02-11 15:59:09.917] [info] [thread 479825] [MeshLoader]   Triangles: 12
[2026-02-11 15:59:09.917] [info] [thread 479825] [MeshLoader]   Skipped faces (non-triangle): 0
[2026-02-11 15:59:09.917] [info] [thread 479825] [MeshLoader]   Degenerate normals fixed: 0
[2026-02-11 15:59:09.917] [info] [thread 479825] [MeshLoader]   Bounding Box Min: (0.000, 0.000, 0.000)
[2026-02-11 15:59:09.917] [info] [thread 479825] [MeshLoader]   Bounding Box Max: (30.000, 30.000, 30.000)
[2026-02-11 15:59:09.917] [info] [thread 479825] [MeshLoader]   Bounding Box Center: (15.000, 15.000, 15.000)
[2026-02-11 15:59:09.917] [info] [thread 479825] [MeshLoader]   Bounding Radius: 15.000
[2026-02-11 15:59:09.917] [debug] [thread 479825] [MeshLoader] Starting load: '/Users/adriangabriel.axtmann/gitlab-dm/gitlab/medusa/tests/integration/../assets/obj/sample_binary_cube.obj'
[2026-02-11 15:59:09.917] [debug] [thread 479825] [MeshLoader] Assimp flags: Triangulate|GenNormals|ValidateDataStructure|JoinIdenticalVertices|FixInfacingNormals
[2026-02-11 15:59:10.100] [debug] [thread 479825] [MeshLoader] Assimp loaded scene: 1 mesh(es)
[2026-02-11 15:59:10.100] [debug] [thread 479825] [MeshLoader] Scene totals: 24 vertices, 12 faces
[2026-02-11 15:59:10.100] [debug] [thread 479825] [MeshLoader] Mesh[0]: 24 vertices, 12 faces, normals=yes
[2026-02-11 15:59:10.100] [info] [thread 479825] [MeshLoader] Successfully loaded '/Users/adriangabriel.axtmann/gitlab-dm/gitlab/medusa/tests/integration/../assets/obj/sample_binary_cube.obj'
[2026-02-11 15:59:10.100] [info] [thread 479825] [MeshLoader]   Vertices: 36
[2026-02-11 15:59:10.100] [info] [thread 479825] [MeshLoader]   Triangles: 12
[2026-02-11 15:59:10.100] [info] [thread 479825] [MeshLoader]   Skipped faces (non-triangle): 0
[2026-02-11 15:59:10.100] [info] [thread 479825] [MeshLoader]   Degenerate normals fixed: 0
[2026-02-11 15:59:10.100] [info] [thread 479825] [MeshLoader]   Bounding Box Min: (0.000, 0.000, 0.000)
[2026-02-11 15:59:10.100] [info] [thread 479825] [MeshLoader]   Bounding Box Max: (1.000, 1.000, 1.000)
[2026-02-11 15:59:10.100] [info] [thread 479825] [MeshLoader]   Bounding Box Center: (0.500, 0.500, 0.500)
[2026-02-11 15:59:10.100] [info] [thread 479825] [MeshLoader]   Bounding Radius: 0.500
[2026-02-11 15:59:10.100] [debug] [thread 479825] [MeshLoader] Starting load: '/Users/adriangabriel.axtmann/gitlab-dm/gitlab/medusa/tests/integration/../assets/stl/ascii/sample_asciii_cube.stl'
[2026-02-11 15:59:10.100] [debug] [thread 479825] [MeshLoader] Assimp flags: Triangulate|GenNormals|ValidateDataStructure|JoinIdenticalVertices|FixInfacingNormals
[2026-02-11 15:59:10.100] [debug] [thread 479825] [MeshLoader] Assimp loaded scene: 1 mesh(es)
[2026-02-11 15:59:10.100] [debug] [thread 479825] [MeshLoader] Scene totals: 24 vertices, 12 faces
[2026-02-11 15:59:10.100] [debug] [thread 479825] [MeshLoader] Mesh[0]: 24 vertices, 12 faces, normals=yes
[2026-02-11 15:59:10.100] [info] [thread 479825] [MeshLoader] Successfully loaded '/Users/adriangabriel.axtmann/gitlab-dm/gitlab/medusa/tests/integration/../assets/stl/ascii/sample_asciii_cube.stl'
[2026-02-11 15:59:10.100] [info] [thread 479825] [MeshLoader]   Vertices: 36
[2026-02-11 15:59:10.100] [info] [thread 479825] [MeshLoader]   Triangles: 12
[2026-02-11 15:59:10.100] [info] [thread 479825] [MeshLoader]   Skipped faces (non-triangle): 0
[2026-02-11 15:59:10.101] [info] [thread 479825] [MeshLoader]   Degenerate normals fixed: 0
[2026-02-11 15:59:10.101] [info] [thread 479825] [MeshLoader]   Bounding Box Min: (0.000, -20.000, 0.000)
[2026-02-11 15:59:10.101] [info] [thread 479825] [MeshLoader]   Bounding Box Max: (20.000, 0.000, 20.000)
[2026-02-11 15:59:10.101] [info] [thread 479825] [MeshLoader]   Bounding Box Center: (10.000, -10.000, 10.000)
[2026-02-11 15:59:10.101] [info] [thread 479825] [MeshLoader]   Bounding Radius: 10.000
[2026-02-11 15:59:10.101] [debug] [thread 479825] [MeshLoader] Starting load: '/Users/adriangabriel.axtmann/gitlab-dm/gitlab/medusa/tests/integration/../assets/stl/binary/sample_binary_cube.stl'
[2026-02-11 15:59:10.101] [debug] [thread 479825] [MeshLoader] Assimp flags: Triangulate|GenNormals|ValidateDataStructure|JoinIdenticalVertices|FixInfacingNormals
[2026-02-11 15:59:10.101] [debug] [thread 479825] [MeshLoader] Assimp loaded scene: 1 mesh(es)
[2026-02-11 15:59:10.101] [debug] [thread 479825] [MeshLoader] Scene totals: 24 vertices, 12 faces
[2026-02-11 15:59:10.101] [debug] [thread 479825] [MeshLoader] Mesh[0]: 24 vertices, 12 faces, normals=yes
[2026-02-11 15:59:10.101] [info] [thread 479825] [MeshLoader] Successfully loaded '/Users/adriangabriel.axtmann/gitlab-dm/gitlab/medusa/tests/integration/../assets/stl/binary/sample_binary_cube.stl'
[2026-02-11 15:59:10.101] [info] [thread 479825] [MeshLoader]   Vertices: 36
[2026-02-11 15:59:10.101] [info] [thread 479825] [MeshLoader]   Triangles: 12
[2026-02-11 15:59:10.101] [info] [thread 479825] [MeshLoader]   Skipped faces (non-triangle): 0
[2026-02-11 15:59:10.101] [info] [thread 479825] [MeshLoader]   Degenerate normals fixed: 0
[2026-02-11 15:59:10.101] [info] [thread 479825] [MeshLoader]   Bounding Box Min: (0.000, 0.000, 0.000)
[2026-02-11 15:59:10.101] [info] [thread 479825] [MeshLoader]   Bounding Box Max: (30.000, 30.000, 30.000)
[2026-02-11 15:59:10.101] [info] [thread 479825] [MeshLoader]   Bounding Box Center: (15.000, 15.000, 15.000)
[2026-02-11 15:59:10.101] [info] [thread 479825] [MeshLoader]   Bounding Radius: 15.000
[2026-02-11 15:59:10.101] [debug] [thread 479825] [MeshLoader] Starting load: '/Users/adriangabriel.axtmann/gitlab-dm/gitlab/medusa/tests/integration/../assets/obj/sample_binary_cube.obj'
[2026-02-11 15:59:10.101] [debug] [thread 479825] [MeshLoader] Assimp flags: Triangulate|GenNormals|ValidateDataStructure|JoinIdenticalVertices|FixInfacingNormals
[2026-02-11 15:59:10.284] [debug] [thread 479825] [MeshLoader] Assimp loaded scene: 1 mesh(es)
[2026-02-11 15:59:10.284] [debug] [thread 479825] [MeshLoader] Scene totals: 24 vertices, 12 faces
[2026-02-11 15:59:10.284] [debug] [thread 479825] [MeshLoader] Mesh[0]: 24 vertices, 12 faces, normals=yes
[2026-02-11 15:59:10.284] [info] [thread 479825] [MeshLoader] Successfully loaded '/Users/adriangabriel.axtmann/gitlab-dm/gitlab/medusa/tests/integration/../assets/obj/sample_binary_cube.obj'
[2026-02-11 15:59:10.284] [info] [thread 479825] [MeshLoader]   Vertices: 36
[2026-02-11 15:59:10.284] [info] [thread 479825] [MeshLoader]   Triangles: 12
[2026-02-11 15:59:10.284] [info] [thread 479825] [MeshLoader]   Skipped faces (non-triangle): 0
[2026-02-11 15:59:10.284] [info] [thread 479825] [MeshLoader]   Degenerate normals fixed: 0
[2026-02-11 15:59:10.284] [info] [thread 479825] [MeshLoader]   Bounding Box Min: (0.000, 0.000, 0.000)
[2026-02-11 15:59:10.284] [info] [thread 479825] [MeshLoader]   Bounding Box Max: (1.000, 1.000, 1.000)
[2026-02-11 15:59:10.284] [info] [thread 479825] [MeshLoader]   Bounding Box Center: (0.500, 0.500, 0.500)
[2026-02-11 15:59:10.284] [info] [thread 479825] [MeshLoader]   Bounding Radius: 0.500
[2026-02-11 15:59:10.284] [debug] [thread 479825] [MeshLoader] Starting load: '/Users/adriangabriel.axtmann/gitlab-dm/gitlab/medusa/tests/integration/../assets/stl/ascii/sample_asciii_cube.stl'
[2026-02-11 15:59:10.284] [debug] [thread 479825] [MeshLoader] Assimp flags: Triangulate|GenNormals|ValidateDataStructure|JoinIdenticalVertices|FixInfacingNormals
[2026-02-11 15:59:10.285] [debug] [thread 479825] [MeshLoader] Assimp loaded scene: 1 mesh(es)
[2026-02-11 15:59:10.285] [debug] [thread 479825] [MeshLoader] Scene totals: 24 vertices, 12 faces
[2026-02-11 15:59:10.285] [debug] [thread 479825] [MeshLoader] Mesh[0]: 24 vertices, 12 faces, normals=yes
[2026-02-11 15:59:10.285] [info] [thread 479825] [MeshLoader] Successfully loaded '/Users/adriangabriel.axtmann/gitlab-dm/gitlab/medusa/tests/integration/../assets/stl/ascii/sample_asciii_cube.stl'
[2026-02-11 15:59:10.285] [info] [thread 479825] [MeshLoader]   Vertices: 36
[2026-02-11 15:59:10.285] [info] [thread 479825] [MeshLoader]   Triangles: 12
[2026-02-11 15:59:10.285] [info] [thread 479825] [MeshLoader]   Skipped faces (non-triangle): 0
[2026-02-11 15:59:10.285] [info] [thread 479825] [MeshLoader]   Degenerate normals fixed: 0
[2026-02-11 15:59:10.285] [info] [thread 479825] [MeshLoader]   Bounding Box Min: (0.000, -20.000, 0.000)
[2026-02-11 15:59:10.285] [info] [thread 479825] [MeshLoader]   Bounding Box Max: (20.000, 0.000, 20.000)
[2026-02-11 15:59:10.285] [info] [thread 479825] [MeshLoader]   Bounding Box Center: (10.000, -10.000, 10.000)
[2026-02-11 15:59:10.285] [info] [thread 479825] [MeshLoader]   Bounding Radius: 10.000
[2026-02-11 15:59:10.285] [debug] [thread 479825] [MeshLoader] Starting load: '/Users/adriangabriel.axtmann/gitlab-dm/gitlab/medusa/tests/integration/../assets/stl/binary/sample_binary_cube.stl'
[2026-02-11 15:59:10.285] [debug] [thread 479825] [MeshLoader] Assimp flags: Triangulate|GenNormals|ValidateDataStructure|JoinIdenticalVertices|FixInfacingNormals
[2026-02-11 15:59:10.285] [debug] [thread 479825] [MeshLoader] Assimp loaded scene: 1 mesh(es)
[2026-02-11 15:59:10.285] [debug] [thread 479825] [MeshLoader] Scene totals: 24 vertices, 12 faces
[2026-02-11 15:59:10.285] [debug] [thread 479825] [MeshLoader] Mesh[0]: 24 vertices, 12 faces, normals=yes
[2026-02-11 15:59:10.285] [info] [thread 479825] [MeshLoader] Successfully loaded '/Users/adriangabriel.axtmann/gitlab-dm/gitlab/medusa/tests/integration/../assets/stl/binary/sample_binary_cube.stl'
[2026-02-11 15:59:10.285] [info] [thread 479825] [MeshLoader]   Vertices: 36
[2026-02-11 15:59:10.285] [info] [thread 479825] [MeshLoader]   Triangles: 12
[2026-02-11 15:59:10.285] [info] [thread 479825] [MeshLoader]   Skipped faces (non-triangle): 0
[2026-02-11 15:59:10.285] [info] [thread 479825] [MeshLoader]   Degenerate normals fixed: 0
[2026-02-11 15:59:10.285] [info] [thread 479825] [MeshLoader]   Bounding Box Min: (0.000, 0.000, 0.000)
[2026-02-11 15:59:10.285] [info] [thread 479825] [MeshLoader]   Bounding Box Max: (30.000, 30.000, 30.000)
[2026-02-11 15:59:10.285] [info] [thread 479825] [MeshLoader]   Bounding Box Center: (15.000, 15.000, 15.000)
[2026-02-11 15:59:10.285] [info] [thread 479825] [MeshLoader]   Bounding Radius: 15.000
[2026-02-11 15:59:10.285] [debug] [thread 479825] [MeshLoader] Starting load: '/Users/adriangabriel.axtmann/gitlab-dm/gitlab/medusa/tests/integration/../assets/obj/sample_binary_cube.obj'
[2026-02-11 15:59:10.285] [debug] [thread 479825] [MeshLoader] Assimp flags: Triangulate|GenNormals|ValidateDataStructure|JoinIdenticalVertices|FixInfacingNormals
[2026-02-11 15:59:10.467] [debug] [thread 479825] [MeshLoader] Assimp loaded scene: 1 mesh(es)
[2026-02-11 15:59:10.467] [debug] [thread 479825] [MeshLoader] Scene totals: 24 vertices, 12 faces
[2026-02-11 15:59:10.467] [debug] [thread 479825] [MeshLoader] Mesh[0]: 24 vertices, 12 faces, normals=yes
[2026-02-11 15:59:10.467] [info] [thread 479825] [MeshLoader] Successfully loaded '/Users/adriangabriel.axtmann/gitlab-dm/gitlab/medusa/tests/integration/../assets/obj/sample_binary_cube.obj'
[2026-02-11 15:59:10.467] [info] [thread 479825] [MeshLoader]   Vertices: 36
[2026-02-11 15:59:10.467] [info] [thread 479825] [MeshLoader]   Triangles: 12
[2026-02-11 15:59:10.467] [info] [thread 479825] [MeshLoader]   Skipped faces (non-triangle): 0
[2026-02-11 15:59:10.467] [info] [thread 479825] [MeshLoader]   Degenerate normals fixed: 0
[2026-02-11 15:59:10.467] [info] [thread 479825] [MeshLoader]   Bounding Box Min: (0.000, 0.000, 0.000)
[2026-02-11 15:59:10.467] [info] [thread 479825] [MeshLoader]   Bounding Box Max: (1.000, 1.000, 1.000)
[2026-02-11 15:59:10.467] [info] [thread 479825] [MeshLoader]   Bounding Box Center: (0.500, 0.500, 0.500)
[2026-02-11 15:59:10.467] [info] [thread 479825] [MeshLoader]   Bounding Radius: 0.500
[2026-02-11 15:59:10.467] [debug] [thread 479825] [MeshLoader] Starting load: '/Users/adriangabriel.axtmann/gitlab-dm/gitlab/medusa/tests/integration/../assets/stl/ascii/sample_asciii_cube.stl'
[2026-02-11 15:59:10.467] [debug] [thread 479825] [MeshLoader] Assimp flags: Triangulate|GenNormals|ValidateDataStructure|JoinIdenticalVertices|FixInfacingNormals
[2026-02-11 15:59:10.468] [debug] [thread 479825] [MeshLoader] Assimp loaded scene: 1 mesh(es)
[2026-02-11 15:59:10.468] [debug] [thread 479825] [MeshLoader] Scene totals: 24 vertices, 12 faces
[2026-02-11 15:59:10.468] [debug] [thread 479825] [MeshLoader] Mesh[0]: 24 vertices, 12 faces, normals=yes
[2026-02-11 15:59:10.468] [info] [thread 479825] [MeshLoader] Successfully loaded '/Users/adriangabriel.axtmann/gitlab-dm/gitlab/medusa/tests/integration/../assets/stl/ascii/sample_asciii_cube.stl'
[2026-02-11 15:59:10.468] [info] [thread 479825] [MeshLoader]   Vertices: 36
[2026-02-11 15:59:10.468] [info] [thread 479825] [MeshLoader]   Triangles: 12
[2026-02-11 15:59:10.468] [info] [thread 479825] [MeshLoader]   Skipped faces (non-triangle): 0
[2026-02-11 15:59:10.468] [info] [thread 479825] [MeshLoader]   Degenerate normals fixed: 0
[2026-02-11 15:59:10.468] [info] [thread 479825] [MeshLoader]   Bounding Box Min: (0.000, -20.000, 0.000)
[2026-02-11 15:59:10.468] [info] [thread 479825] [MeshLoader]   Bounding Box Max: (20.000, 0.000, 20.000)
[2026-02-11 15:59:10.468] [info] [thread 479825] [MeshLoader]   Bounding Box Center: (10.000, -10.000, 10.000)
[2026-02-11 15:59:10.468] [info] [thread 479825] [MeshLoader]   Bounding Radius: 10.000
[2026-02-11 15:59:10.468] [debug] [thread 479825] [MeshLoader] Starting load: '/Users/adriangabriel.axtmann/gitlab-dm/gitlab/medusa/tests/integration/../assets/stl/binary/sample_binary_cube.stl'
[2026-02-11 15:59:10.468] [debug] [thread 479825] [MeshLoader] Assimp flags: Triangulate|GenNormals|ValidateDataStructure|JoinIdenticalVertices|FixInfacingNormals
[2026-02-11 15:59:10.468] [debug] [thread 479825] [MeshLoader] Assimp loaded scene: 1 mesh(es)
[2026-02-11 15:59:10.468] [debug] [thread 479825] [MeshLoader] Scene totals: 24 vertices, 12 faces
[2026-02-11 15:59:10.468] [debug] [thread 479825] [MeshLoader] Mesh[0]: 24 vertices, 12 faces, normals=yes
[2026-02-11 15:59:10.468] [info] [thread 479825] [MeshLoader] Successfully loaded '/Users/adriangabriel.axtmann/gitlab-dm/gitlab/medusa/tests/integration/../assets/stl/binary/sample_binary_cube.stl'
[2026-02-11 15:59:10.468] [info] [thread 479825] [MeshLoader]   Vertices: 36
[2026-02-11 15:59:10.468] [info] [thread 479825] [MeshLoader]   Triangles: 12
[2026-02-11 15:59:10.468] [info] [thread 479825] [MeshLoader]   Skipped faces (non-triangle): 0
[2026-02-11 15:59:10.468] [info] [thread 479825] [MeshLoader]   Degenerate normals fixed: 0
[2026-02-11 15:59:10.468] [info] [thread 479825] [MeshLoader]   Bounding Box Min: (0.000, 0.000, 0.000)
[2026-02-11 15:59:10.468] [info] [thread 479825] [MeshLoader]   Bounding Box Max: (30.000, 30.000, 30.000)
[2026-02-11 15:59:10.468] [info] [thread 479825] [MeshLoader]   Bounding Box Center: (15.000, 15.000, 15.000)
[2026-02-11 15:59:10.468] [info] [thread 479825] [MeshLoader]   Bounding Radius: 15.000
[2026-02-11 15:59:10.468] [debug] [thread 479825] [MeshLoader] Starting load: '/Users/adriangabriel.axtmann/gitlab-dm/gitlab/medusa/tests/integration/../assets/obj/sample_binary_cube.obj'
[2026-02-11 15:59:10.468] [debug] [thread 479825] [MeshLoader] Assimp flags: Triangulate|GenNormals|ValidateDataStructure|JoinIdenticalVertices|FixInfacingNormals
[2026-02-11 15:59:10.651] [debug] [thread 479825] [MeshLoader] Assimp loaded scene: 1 mesh(es)
[2026-02-11 15:59:10.651] [debug] [thread 479825] [MeshLoader] Scene totals: 24 vertices, 12 faces
[2026-02-11 15:59:10.651] [debug] [thread 479825] [MeshLoader] Mesh[0]: 24 vertices, 12 faces, normals=yes
[2026-02-11 15:59:10.651] [info] [thread 479825] [MeshLoader] Successfully loaded '/Users/adriangabriel.axtmann/gitlab-dm/gitlab/medusa/tests/integration/../assets/obj/sample_binary_cube.obj'
[2026-02-11 15:59:10.651] [info] [thread 479825] [MeshLoader]   Vertices: 36
[2026-02-11 15:59:10.651] [info] [thread 479825] [MeshLoader]   Triangles: 12
[2026-02-11 15:59:10.651] [info] [thread 479825] [MeshLoader]   Skipped faces (non-triangle): 0
[2026-02-11 15:59:10.651] [info] [thread 479825] [MeshLoader]   Degenerate normals fixed: 0
[2026-02-11 15:59:10.651] [info] [thread 479825] [MeshLoader]   Bounding Box Min: (0.000, 0.000, 0.000)
[2026-02-11 15:59:10.651] [info] [thread 479825] [MeshLoader]   Bounding Box Max: (1.000, 1.000, 1.000)
[2026-02-11 15:59:10.651] [info] [thread 479825] [MeshLoader]   Bounding Box Center: (0.500, 0.500, 0.500)
[2026-02-11 15:59:10.651] [info] [thread 479825] [MeshLoader]   Bounding Radius: 0.500
[2026-02-11 15:59:10.651] [debug] [thread 479825] [MeshLoader] Starting load: '/Users/adriangabriel.axtmann/gitlab-dm/gitlab/medusa/tests/integration/../assets/stl/ascii/sample_asciii_cube.stl'
[2026-02-11 15:59:10.651] [debug] [thread 479825] [MeshLoader] Assimp flags: Triangulate|GenNormals|ValidateDataStructure|JoinIdenticalVertices|FixInfacingNormals
[2026-02-11 15:59:10.652] [debug] [thread 479825] [MeshLoader] Assimp loaded scene: 1 mesh(es)
[2026-02-11 15:59:10.652] [debug] [thread 479825] [MeshLoader] Scene totals: 24 vertices, 12 faces
[2026-02-11 15:59:10.652] [debug] [thread 479825] [MeshLoader] Mesh[0]: 24 vertices, 12 faces, normals=yes
[2026-02-11 15:59:10.652] [info] [thread 479825] [MeshLoader] Successfully loaded '/Users/adriangabriel.axtmann/gitlab-dm/gitlab/medusa/tests/integration/../assets/stl/ascii/sample_asciii_cube.stl'
[2026-02-11 15:59:10.652] [info] [thread 479825] [MeshLoader]   Vertices: 36
[2026-02-11 15:59:10.652] [info] [thread 479825] [MeshLoader]   Triangles: 12
[2026-02-11 15:59:10.652] [info] [thread 479825] [MeshLoader]   Skipped faces (non-triangle): 0
[2026-02-11 15:59:10.652] [info] [thread 479825] [MeshLoader]   Degenerate normals fixed: 0
[2026-02-11 15:59:10.652] [info] [thread 479825] [MeshLoader]   Bounding Box Min: (0.000, -20.000, 0.000)
[2026-02-11 15:59:10.652] [info] [thread 479825] [MeshLoader]   Bounding Box Max: (20.000, 0.000, 20.000)
[2026-02-11 15:59:10.652] [info] [thread 479825] [MeshLoader]   Bounding Box Center: (10.000, -10.000, 10.000)
[2026-02-11 15:59:10.652] [info] [thread 479825] [MeshLoader]   Bounding Radius: 10.000
[2026-02-11 15:59:10.652] [debug] [thread 479825] [MeshLoader] Starting load: '/Users/adriangabriel.axtmann/gitlab-dm/gitlab/medusa/tests/integration/../assets/stl/binary/sample_binary_cube.stl'
[2026-02-11 15:59:10.652] [debug] [thread 479825] [MeshLoader] Assimp flags: Triangulate|GenNormals|ValidateDataStructure|JoinIdenticalVertices|FixInfacingNormals
[2026-02-11 15:59:10.652] [debug] [thread 479825] [MeshLoader] Assimp loaded scene: 1 mesh(es)
[2026-02-11 15:59:10.652] [debug] [thread 479825] [MeshLoader] Scene totals: 24 vertices, 12 faces
[2026-02-11 15:59:10.652] [debug] [thread 479825] [MeshLoader] Mesh[0]: 24 vertices, 12 faces, normals=yes
[2026-02-11 15:59:10.652] [info] [thread 479825] [MeshLoader] Successfully loaded '/Users/adriangabriel.axtmann/gitlab-dm/gitlab/medusa/tests/integration/../assets/stl/binary/sample_binary_cube.stl'
[2026-02-11 15:59:10.652] [info] [thread 479825] [MeshLoader]   Vertices: 36
[2026-02-11 15:59:10.652] [info] [thread 479825] [MeshLoader]   Triangles: 12
[2026-02-11 15:59:10.652] [info] [thread 479825] [MeshLoader]   Skipped faces (non-triangle): 0
[2026-02-11 15:59:10.652] [info] [thread 479825] [MeshLoader]   Degenerate normals fixed: 0
[2026-02-11 15:59:10.652] [info] [thread 479825] [MeshLoader]   Bounding Box Min: (0.000, 0.000, 0.000)
[2026-02-11 15:59:10.652] [info] [thread 479825] [MeshLoader]   Bounding Box Max: (30.000, 30.000, 30.000)
[2026-02-11 15:59:10.652] [info] [thread 479825] [MeshLoader]   Bounding Box Center: (15.000, 15.000, 15.000)
[2026-02-11 15:59:10.652] [info] [thread 479825] [MeshLoader]   Bounding Radius: 15.000
[2026-02-11 15:59:10.652] [debug] [thread 479825] [MeshLoader] Starting load: '/Users/adriangabriel.axtmann/gitlab-dm/gitlab/medusa/tests/integration/../assets/obj/sample_binary_cube.obj'
[2026-02-11 15:59:10.652] [debug] [thread 479825] [MeshLoader] Assimp flags: Triangulate|GenNormals|ValidateDataStructure|JoinIdenticalVertices|FixInfacingNormals
[2026-02-11 15:59:10.835] [debug] [thread 479825] [MeshLoader] Assimp loaded scene: 1 mesh(es)
[2026-02-11 15:59:10.835] [debug] [thread 479825] [MeshLoader] Scene totals: 24 vertices, 12 faces
[2026-02-11 15:59:10.835] [debug] [thread 479825] [MeshLoader] Mesh[0]: 24 vertices, 12 faces, normals=yes
[2026-02-11 15:59:10.835] [info] [thread 479825] [MeshLoader] Successfully loaded '/Users/adriangabriel.axtmann/gitlab-dm/gitlab/medusa/tests/integration/../assets/obj/sample_binary_cube.obj'
[2026-02-11 15:59:10.835] [info] [thread 479825] [MeshLoader]   Vertices: 36
[2026-02-11 15:59:10.835] [info] [thread 479825] [MeshLoader]   Triangles: 12
[2026-02-11 15:59:10.835] [info] [thread 479825] [MeshLoader]   Skipped faces (non-triangle): 0
[2026-02-11 15:59:10.835] [info] [thread 479825] [MeshLoader]   Degenerate normals fixed: 0
[2026-02-11 15:59:10.835] [info] [thread 479825] [MeshLoader]   Bounding Box Min: (0.000, 0.000, 0.000)
[2026-02-11 15:59:10.835] [info] [thread 479825] [MeshLoader]   Bounding Box Max: (1.000, 1.000, 1.000)
[2026-02-11 15:59:10.835] [info] [thread 479825] [MeshLoader]   Bounding Box Center: (0.500, 0.500, 0.500)
[2026-02-11 15:59:10.835] [info] [thread 479825] [MeshLoader]   Bounding Radius: 0.500
[2026-02-11 15:59:10.835] [debug] [thread 479825] [MeshLoader] Starting load: '/Users/adriangabriel.axtmann/gitlab-dm/gitlab/medusa/tests/integration/../assets/stl/ascii/sample_asciii_cube.stl'
[2026-02-11 15:59:10.835] [debug] [thread 479825] [MeshLoader] Assimp flags: Triangulate|GenNormals|ValidateDataStructure|JoinIdenticalVertices|FixInfacingNormals
[2026-02-11 15:59:10.836] [debug] [thread 479825] [MeshLoader] Assimp loaded scene: 1 mesh(es)
[2026-02-11 15:59:10.836] [debug] [thread 479825] [MeshLoader] Scene totals: 24 vertices, 12 faces
[2026-02-11 15:59:10.836] [debug] [thread 479825] [MeshLoader] Mesh[0]: 24 vertices, 12 faces, normals=yes
[2026-02-11 15:59:10.836] [info] [thread 479825] [MeshLoader] Successfully loaded '/Users/adriangabriel.axtmann/gitlab-dm/gitlab/medusa/tests/integration/../assets/stl/ascii/sample_asciii_cube.stl'
[2026-02-11 15:59:10.836] [info] [thread 479825] [MeshLoader]   Vertices: 36
[2026-02-11 15:59:10.836] [info] [thread 479825] [MeshLoader]   Triangles: 12
[2026-02-11 15:59:10.836] [info] [thread 479825] [MeshLoader]   Skipped faces (non-triangle): 0
[2026-02-11 15:59:10.836] [info] [thread 479825] [MeshLoader]   Degenerate normals fixed: 0
[2026-02-11 15:59:10.836] [info] [thread 479825] [MeshLoader]   Bounding Box Min: (0.000, -20.000, 0.000)
[2026-02-11 15:59:10.836] [info] [thread 479825] [MeshLoader]   Bounding Box Max: (20.000, 0.000, 20.000)
[2026-02-11 15:59:10.836] [info] [thread 479825] [MeshLoader]   Bounding Box Center: (10.000, -10.000, 10.000)
[2026-02-11 15:59:10.836] [info] [thread 479825] [MeshLoader]   Bounding Radius: 10.000
[2026-02-11 15:59:10.836] [debug] [thread 479825] [MeshLoader] Starting load: '/Users/adriangabriel.axtmann/gitlab-dm/gitlab/medusa/tests/integration/../assets/stl/binary/sample_binary_cube.stl'
[2026-02-11 15:59:10.836] [debug] [thread 479825] [MeshLoader] Assimp flags: Triangulate|GenNormals|ValidateDataStructure|JoinIdenticalVertices|FixInfacingNormals
[2026-02-11 15:59:10.836] [debug] [thread 479825] [MeshLoader] Assimp loaded scene: 1 mesh(es)
[2026-02-11 15:59:10.836] [debug] [thread 479825] [MeshLoader] Scene totals: 24 vertices, 12 faces
[2026-02-11 15:59:10.836] [debug] [thread 479825] [MeshLoader] Mesh[0]: 24 vertices, 12 faces, normals=yes
[2026-02-11 15:59:10.836] [info] [thread 479825] [MeshLoader] Successfully loaded '/Users/adriangabriel.axtmann/gitlab-dm/gitlab/medusa/tests/integration/../assets/stl/binary/sample_binary_cube.stl'
[2026-02-11 15:59:10.836] [info] [thread 479825] [MeshLoader]   Vertices: 36
[2026-02-11 15:59:10.836] [info] [thread 479825] [MeshLoader]   Triangles: 12
[2026-02-11 15:59:10.836] [info] [thread 479825] [MeshLoader]   Skipped faces (non-triangle): 0
[2026-02-11 15:59:10.836] [info] [thread 479825] [MeshLoader]   Degenerate normals fixed: 0
[2026-02-11 15:59:10.836] [info] [thread 479825] [MeshLoader]   Bounding Box Min: (0.000, 0.000, 0.000)
[2026-02-11 15:59:10.836] [info] [thread 479825] [MeshLoader]   Bounding Box Max: (30.000, 30.000, 30.000)
[2026-02-11 15:59:10.836] [info] [thread 479825] [MeshLoader]   Bounding Box Center: (15.000, 15.000, 15.000)
[2026-02-11 15:59:10.836] [info] [thread 479825] [MeshLoader]   Bounding Radius: 15.000
[2026-02-11 15:59:10.836] [debug] [thread 479825] [MeshLoader] Starting load: '/Users/adriangabriel.axtmann/gitlab-dm/gitlab/medusa/tests/integration/../assets/obj/sample_binary_cube.obj'
[2026-02-11 15:59:10.836] [debug] [thread 479825] [MeshLoader] Assimp flags: Triangulate|GenNormals|ValidateDataStructure|JoinIdenticalVertices|FixInfacingNormals
[2026-02-11 15:59:11.018] [debug] [thread 479825] [MeshLoader] Assimp loaded scene: 1 mesh(es)
[2026-02-11 15:59:11.018] [debug] [thread 479825] [MeshLoader] Scene totals: 24 vertices, 12 faces
[2026-02-11 15:59:11.018] [debug] [thread 479825] [MeshLoader] Mesh[0]: 24 vertices, 12 faces, normals=yes
[2026-02-11 15:59:11.018] [info] [thread 479825] [MeshLoader] Successfully loaded '/Users/adriangabriel.axtmann/gitlab-dm/gitlab/medusa/tests/integration/../assets/obj/sample_binary_cube.obj'
[2026-02-11 15:59:11.018] [info] [thread 479825] [MeshLoader]   Vertices: 36
[2026-02-11 15:59:11.018] [info] [thread 479825] [MeshLoader]   Triangles: 12
[2026-02-11 15:59:11.018] [info] [thread 479825] [MeshLoader]   Skipped faces (non-triangle): 0
[2026-02-11 15:59:11.018] [info] [thread 479825] [MeshLoader]   Degenerate normals fixed: 0
[2026-02-11 15:59:11.018] [info] [thread 479825] [MeshLoader]   Bounding Box Min: (0.000, 0.000, 0.000)
[2026-02-11 15:59:11.018] [info] [thread 479825] [MeshLoader]   Bounding Box Max: (1.000, 1.000, 1.000)
[2026-02-11 15:59:11.018] [info] [thread 479825] [MeshLoader]   Bounding Box Center: (0.500, 0.500, 0.500)
[2026-02-11 15:59:11.018] [info] [thread 479825] [MeshLoader]   Bounding Radius: 0.500
[2026-02-11 15:59:11.018] [debug] [thread 479825] [MeshLoader] Starting load: '/Users/adriangabriel.axtmann/gitlab-dm/gitlab/medusa/tests/integration/../assets/stl/ascii/sample_asciii_cube.stl'
[2026-02-11 15:59:11.018] [debug] [thread 479825] [MeshLoader] Assimp flags: Triangulate|GenNormals|ValidateDataStructure|JoinIdenticalVertices|FixInfacingNormals
[2026-02-11 15:59:11.018] [debug] [thread 479825] [MeshLoader] Assimp loaded scene: 1 mesh(es)
[2026-02-11 15:59:11.018] [debug] [thread 479825] [MeshLoader] Scene totals: 24 vertices, 12 faces
[2026-02-11 15:59:11.018] [debug] [thread 479825] [MeshLoader] Mesh[0]: 24 vertices, 12 faces, normals=yes
[2026-02-11 15:59:11.018] [info] [thread 479825] [MeshLoader] Successfully loaded '/Users/adriangabriel.axtmann/gitlab-dm/gitlab/medusa/tests/integration/../assets/stl/ascii/sample_asciii_cube.stl'
[2026-02-11 15:59:11.018] [info] [thread 479825] [MeshLoader]   Vertices: 36
[2026-02-11 15:59:11.018] [info] [thread 479825] [MeshLoader]   Triangles: 12
[2026-02-11 15:59:11.018] [info] [thread 479825] [MeshLoader]   Skipped faces (non-triangle): 0
[2026-02-11 15:59:11.018] [info] [thread 479825] [MeshLoader]   Degenerate normals fixed: 0
[2026-02-11 15:59:11.018] [info] [thread 479825] [MeshLoader]   Bounding Box Min: (0.000, -20.000, 0.000)
[2026-02-11 15:59:11.018] [info] [thread 479825] [MeshLoader]   Bounding Box Max: (20.000, 0.000, 20.000)
[2026-02-11 15:59:11.018] [info] [thread 479825] [MeshLoader]   Bounding Box Center: (10.000, -10.000, 10.000)
[2026-02-11 15:59:11.018] [info] [thread 479825] [MeshLoader]   Bounding Radius: 10.000
[2026-02-11 15:59:11.018] [debug] [thread 479825] [MeshLoader] Starting load: '/Users/adriangabriel.axtmann/gitlab-dm/gitlab/medusa/tests/integration/../assets/stl/binary/sample_binary_cube.stl'
[2026-02-11 15:59:11.018] [debug] [thread 479825] [MeshLoader] Assimp flags: Triangulate|GenNormals|ValidateDataStructure|JoinIdenticalVertices|FixInfacingNormals
[2026-02-11 15:59:11.019] [debug] [thread 479825] [MeshLoader] Assimp loaded scene: 1 mesh(es)
[2026-02-11 15:59:11.019] [debug] [thread 479825] [MeshLoader] Scene totals: 24 vertices, 12 faces
[2026-02-11 15:59:11.019] [debug] [thread 479825] [MeshLoader] Mesh[0]: 24 vertices, 12 faces, normals=yes
[2026-02-11 15:59:11.019] [info] [thread 479825] [MeshLoader] Successfully loaded '/Users/adriangabriel.axtmann/gitlab-dm/gitlab/medusa/tests/integration/../assets/stl/binary/sample_binary_cube.stl'
[2026-02-11 15:59:11.019] [info] [thread 479825] [MeshLoader]   Vertices: 36
[2026-02-11 15:59:11.019] [info] [thread 479825] [MeshLoader]   Triangles: 12
[2026-02-11 15:59:11.019] [info] [thread 479825] [MeshLoader]   Skipped faces (non-triangle): 0
[2026-02-11 15:59:11.019] [info] [thread 479825] [MeshLoader]   Degenerate normals fixed: 0
[2026-02-11 15:59:11.019] [info] [thread 479825] [MeshLoader]   Bounding Box Min: (0.000, 0.000, 0.000)
[2026-02-11 15:59:11.019] [info] [thread 479825] [MeshLoader]   Bounding Box Max: (30.000, 30.000, 30.000)
[2026-02-11 15:59:11.019] [info] [thread 479825] [MeshLoader]   Bounding Box Center: (15.000, 15.000, 15.000)
[2026-02-11 15:59:11.019] [info] [thread 479825] [MeshLoader]   Bounding Radius: 15.000
[2026-02-11 15:59:11.019] [debug] [thread 479825] [MeshLoader] Starting load: '/Users/adriangabriel.axtmann/gitlab-dm/gitlab/medusa/tests/integration/../assets/obj/sample_binary_cube.obj'
[2026-02-11 15:59:11.019] [debug] [thread 479825] [MeshLoader] Assimp flags: Triangulate|GenNormals|ValidateDataStructure|JoinIdenticalVertices|FixInfacingNormals
[2026-02-11 15:59:11.201] [debug] [thread 479825] [MeshLoader] Assimp loaded scene: 1 mesh(es)
[2026-02-11 15:59:11.201] [debug] [thread 479825] [MeshLoader] Scene totals: 24 vertices, 12 faces
[2026-02-11 15:59:11.201] [debug] [thread 479825] [MeshLoader] Mesh[0]: 24 vertices, 12 faces, normals=yes
[2026-02-11 15:59:11.201] [info] [thread 479825] [MeshLoader] Successfully loaded '/Users/adriangabriel.axtmann/gitlab-dm/gitlab/medusa/tests/integration/../assets/obj/sample_binary_cube.obj'
[2026-02-11 15:59:11.201] [info] [thread 479825] [MeshLoader]   Vertices: 36
[2026-02-11 15:59:11.201] [info] [thread 479825] [MeshLoader]   Triangles: 12
[2026-02-11 15:59:11.201] [info] [thread 479825] [MeshLoader]   Skipped faces (non-triangle): 0
[2026-02-11 15:59:11.201] [info] [thread 479825] [MeshLoader]   Degenerate normals fixed: 0
[2026-02-11 15:59:11.201] [info] [thread 479825] [MeshLoader]   Bounding Box Min: (0.000, 0.000, 0.000)
[2026-02-11 15:59:11.201] [info] [thread 479825] [MeshLoader]   Bounding Box Max: (1.000, 1.000, 1.000)
[2026-02-11 15:59:11.201] [info] [thread 479825] [MeshLoader]   Bounding Box Center: (0.500, 0.500, 0.500)
[2026-02-11 15:59:11.201] [info] [thread 479825] [MeshLoader]   Bounding Radius: 0.500
[2026-02-11 15:59:11.201] [debug] [thread 479825] [MeshLoader] Starting load: '/Users/adriangabriel.axtmann/gitlab-dm/gitlab/medusa/tests/integration/../assets/stl/ascii/sample_asciii_cube.stl'
[2026-02-11 15:59:11.201] [debug] [thread 479825] [MeshLoader] Assimp flags: Triangulate|GenNormals|ValidateDataStructure|JoinIdenticalVertices|FixInfacingNormals
[2026-02-11 15:59:11.202] [debug] [thread 479825] [MeshLoader] Assimp loaded scene: 1 mesh(es)
[2026-02-11 15:59:11.202] [debug] [thread 479825] [MeshLoader] Scene totals: 24 vertices, 12 faces
[2026-02-11 15:59:11.202] [debug] [thread 479825] [MeshLoader] Mesh[0]: 24 vertices, 12 faces, normals=yes
[2026-02-11 15:59:11.202] [info] [thread 479825] [MeshLoader] Successfully loaded '/Users/adriangabriel.axtmann/gitlab-dm/gitlab/medusa/tests/integration/../assets/stl/ascii/sample_asciii_cube.stl'
[2026-02-11 15:59:11.202] [info] [thread 479825] [MeshLoader]   Vertices: 36
[2026-02-11 15:59:11.202] [info] [thread 479825] [MeshLoader]   Triangles: 12
[2026-02-11 15:59:11.202] [info] [thread 479825] [MeshLoader]   Skipped faces (non-triangle): 0
[2026-02-11 15:59:11.202] [info] [thread 479825] [MeshLoader]   Degenerate normals fixed: 0
[2026-02-11 15:59:11.202] [info] [thread 479825] [MeshLoader]   Bounding Box Min: (0.000, -20.000, 0.000)
[2026-02-11 15:59:11.202] [info] [thread 479825] [MeshLoader]   Bounding Box Max: (20.000, 0.000, 20.000)
[2026-02-11 15:59:11.202] [info] [thread 479825] [MeshLoader]   Bounding Box Center: (10.000, -10.000, 10.000)
[2026-02-11 15:59:11.202] [info] [thread 479825] [MeshLoader]   Bounding Radius: 10.000
[2026-02-11 15:59:11.202] [debug] [thread 479825] [MeshLoader] Starting load: '/Users/adriangabriel.axtmann/gitlab-dm/gitlab/medusa/tests/integration/../assets/stl/binary/sample_binary_cube.stl'
[2026-02-11 15:59:11.202] [debug] [thread 479825] [MeshLoader] Assimp flags: Triangulate|GenNormals|ValidateDataStructure|JoinIdenticalVertices|FixInfacingNormals
[2026-02-11 15:59:11.202] [debug] [thread 479825] [MeshLoader] Assimp loaded scene: 1 mesh(es)
[2026-02-11 15:59:11.202] [debug] [thread 479825] [MeshLoader] Scene totals: 24 vertices, 12 faces
[2026-02-11 15:59:11.202] [debug] [thread 479825] [MeshLoader] Mesh[0]: 24 vertices, 12 faces, normals=yes
[2026-02-11 15:59:11.202] [info] [thread 479825] [MeshLoader] Successfully loaded '/Users/adriangabriel.axtmann/gitlab-dm/gitlab/medusa/tests/integration/../assets/stl/binary/sample_binary_cube.stl'
[2026-02-11 15:59:11.202] [info] [thread 479825] [MeshLoader]   Vertices: 36
[2026-02-11 15:59:11.202] [info] [thread 479825] [MeshLoader]   Triangles: 12
[2026-02-11 15:59:11.202] [info] [thread 479825] [MeshLoader]   Skipped faces (non-triangle): 0
[2026-02-11 15:59:11.202] [info] [thread 479825] [MeshLoader]   Degenerate normals fixed: 0
[2026-02-11 15:59:11.202] [info] [thread 479825] [MeshLoader]   Bounding Box Min: (0.000, 0.000, 0.000)
[2026-02-11 15:59:11.202] [info] [thread 479825] [MeshLoader]   Bounding Box Max: (30.000, 30.000, 30.000)
[2026-02-11 15:59:11.202] [info] [thread 479825] [MeshLoader]   Bounding Box Center: (15.000, 15.000, 15.000)
[2026-02-11 15:59:11.202] [info] [thread 479825] [MeshLoader]   Bounding Radius: 15.000
[2026-02-11 15:59:11.202] [debug] [thread 479825] [MeshLoader] Starting load: '/Users/adriangabriel.axtmann/gitlab-dm/gitlab/medusa/tests/integration/../assets/obj/sample_binary_cube.obj'
[2026-02-11 15:59:11.202] [debug] [thread 479825] [MeshLoader] Assimp flags: Triangulate|GenNormals|ValidateDataStructure|JoinIdenticalVertices|FixInfacingNormals
[2026-02-11 15:59:11.385] [debug] [thread 479825] [MeshLoader] Assimp loaded scene: 1 mesh(es)
[2026-02-11 15:59:11.385] [debug] [thread 479825] [MeshLoader] Scene totals: 24 vertices, 12 faces
[2026-02-11 15:59:11.385] [debug] [thread 479825] [MeshLoader] Mesh[0]: 24 vertices, 12 faces, normals=yes
[2026-02-11 15:59:11.385] [info] [thread 479825] [MeshLoader] Successfully loaded '/Users/adriangabriel.axtmann/gitlab-dm/gitlab/medusa/tests/integration/../assets/obj/sample_binary_cube.obj'
[2026-02-11 15:59:11.385] [info] [thread 479825] [MeshLoader]   Vertices: 36
[2026-02-11 15:59:11.385] [info] [thread 479825] [MeshLoader]   Triangles: 12
[2026-02-11 15:59:11.385] [info] [thread 479825] [MeshLoader]   Skipped faces (non-triangle): 0
[2026-02-11 15:59:11.385] [info] [thread 479825] [MeshLoader]   Degenerate normals fixed: 0
[2026-02-11 15:59:11.385] [info] [thread 479825] [MeshLoader]   Bounding Box Min: (0.000, 0.000, 0.000)
[2026-02-11 15:59:11.385] [info] [thread 479825] [MeshLoader]   Bounding Box Max: (1.000, 1.000, 1.000)
[2026-02-11 15:59:11.385] [info] [thread 479825] [MeshLoader]   Bounding Box Center: (0.500, 0.500, 0.500)
[2026-02-11 15:59:11.385] [info] [thread 479825] [MeshLoader]   Bounding Radius: 0.500
[2026-02-11 15:59:11.385] [debug] [thread 479825] [MeshLoader] Starting load: '/Users/adriangabriel.axtmann/gitlab-dm/gitlab/medusa/tests/integration/../assets/stl/ascii/sample_asciii_cube.stl'
[2026-02-11 15:59:11.385] [debug] [thread 479825] [MeshLoader] Assimp flags: Triangulate|GenNormals|ValidateDataStructure|JoinIdenticalVertices|FixInfacingNormals
[2026-02-11 15:59:11.385] [debug] [thread 479825] [MeshLoader] Assimp loaded scene: 1 mesh(es)
[2026-02-11 15:59:11.385] [debug] [thread 479825] [MeshLoader] Scene totals: 24 vertices, 12 faces
[2026-02-11 15:59:11.385] [debug] [thread 479825] [MeshLoader] Mesh[0]: 24 vertices, 12 faces, normals=yes
[2026-02-11 15:59:11.385] [info] [thread 479825] [MeshLoader] Successfully loaded '/Users/adriangabriel.axtmann/gitlab-dm/gitlab/medusa/tests/integration/../assets/stl/ascii/sample_asciii_cube.stl'
[2026-02-11 15:59:11.385] [info] [thread 479825] [MeshLoader]   Vertices: 36
[2026-02-11 15:59:11.385] [info] [thread 479825] [MeshLoader]   Triangles: 12
[2026-02-11 15:59:11.385] [info] [thread 479825] [MeshLoader]   Skipped faces (non-triangle): 0
[2026-02-11 15:59:11.385] [info] [thread 479825] [MeshLoader]   Degenerate normals fixed: 0
[2026-02-11 15:59:11.385] [info] [thread 479825] [MeshLoader]   Bounding Box Min: (0.000, -20.000, 0.000)
[2026-02-11 15:59:11.385] [info] [thread 479825] [MeshLoader]   Bounding Box Max: (20.000, 0.000, 20.000)
[2026-02-11 15:59:11.385] [info] [thread 479825] [MeshLoader]   Bounding Box Center: (10.000, -10.000, 10.000)
[2026-02-11 15:59:11.385] [info] [thread 479825] [MeshLoader]   Bounding Radius: 10.000
[2026-02-11 15:59:11.385] [debug] [thread 479825] [MeshLoader] Starting load: '/Users/adriangabriel.axtmann/gitlab-dm/gitlab/medusa/tests/integration/../assets/stl/binary/sample_binary_cube.stl'
[2026-02-11 15:59:11.385] [debug] [thread 479825] [MeshLoader] Assimp flags: Triangulate|GenNormals|ValidateDataStructure|JoinIdenticalVertices|FixInfacingNormals
[2026-02-11 15:59:11.385] [debug] [thread 479825] [MeshLoader] Assimp loaded scene: 1 mesh(es)
[2026-02-11 15:59:11.385] [debug] [thread 479825] [MeshLoader] Scene totals: 24 vertices, 12 faces
[2026-02-11 15:59:11.385] [debug] [thread 479825] [MeshLoader] Mesh[0]: 24 vertices, 12 faces, normals=yes
[2026-02-11 15:59:11.386] [info] [thread 479825] [MeshLoader] Successfully loaded '/Users/adriangabriel.axtmann/gitlab-dm/gitlab/medusa/tests/integration/../assets/stl/binary/sample_binary_cube.stl'
[2026-02-11 15:59:11.386] [info] [thread 479825] [MeshLoader]   Vertices: 36
[2026-02-11 15:59:11.386] [info] [thread 479825] [MeshLoader]   Triangles: 12
[2026-02-11 15:59:11.386] [info] [thread 479825] [MeshLoader]   Skipped faces (non-triangle): 0
[2026-02-11 15:59:11.386] [info] [thread 479825] [MeshLoader]   Degenerate normals fixed: 0
[2026-02-11 15:59:11.386] [info] [thread 479825] [MeshLoader]   Bounding Box Min: (0.000, 0.000, 0.000)
[2026-02-11 15:59:11.386] [info] [thread 479825] [MeshLoader]   Bounding Box Max: (30.000, 30.000, 30.000)
[2026-02-11 15:59:11.386] [info] [thread 479825] [MeshLoader]   Bounding Box Center: (15.000, 15.000, 15.000)
[2026-02-11 15:59:11.386] [info] [thread 479825] [MeshLoader]   Bounding Radius: 15.000
[2026-02-11 15:59:11.386] [debug] [thread 479825] [MeshLoader] Starting load: '/Users/adriangabriel.axtmann/gitlab-dm/gitlab/medusa/tests/integration/../assets/obj/sample_binary_cube.obj'
[2026-02-11 15:59:11.386] [debug] [thread 479825] [MeshLoader] Assimp flags: Triangulate|GenNormals|ValidateDataStructure|JoinIdenticalVertices|FixInfacingNormals
[2026-02-11 15:59:11.569] [debug] [thread 479825] [MeshLoader] Assimp loaded scene: 1 mesh(es)
[2026-02-11 15:59:11.569] [debug] [thread 479825] [MeshLoader] Scene totals: 24 vertices, 12 faces
[2026-02-11 15:59:11.569] [debug] [thread 479825] [MeshLoader] Mesh[0]: 24 vertices, 12 faces, normals=yes
[2026-02-11 15:59:11.569] [info] [thread 479825] [MeshLoader] Successfully loaded '/Users/adriangabriel.axtmann/gitlab-dm/gitlab/medusa/tests/integration/../assets/obj/sample_binary_cube.obj'
[2026-02-11 15:59:11.569] [info] [thread 479825] [MeshLoader]   Vertices: 36
[2026-02-11 15:59:11.569] [info] [thread 479825] [MeshLoader]   Triangles: 12
[2026-02-11 15:59:11.569] [info] [thread 479825] [MeshLoader]   Skipped faces (non-triangle): 0
[2026-02-11 15:59:11.569] [info] [thread 479825] [MeshLoader]   Degenerate normals fixed: 0
[2026-02-11 15:59:11.569] [info] [thread 479825] [MeshLoader]   Bounding Box Min: (0.000, 0.000, 0.000)
[2026-02-11 15:59:11.569] [info] [thread 479825] [MeshLoader]   Bounding Box Max: (1.000, 1.000, 1.000)
[2026-02-11 15:59:11.569] [info] [thread 479825] [MeshLoader]   Bounding Box Center: (0.500, 0.500, 0.500)
[2026-02-11 15:59:11.569] [info] [thread 479825] [MeshLoader]   Bounding Radius: 0.500
[2026-02-11 15:59:11.569] [debug] [thread 479825] [MeshLoader] Starting load: '/Users/adriangabriel.axtmann/gitlab-dm/gitlab/medusa/tests/integration/../assets/stl/ascii/sample_asciii_cube.stl'
[2026-02-11 15:59:11.569] [debug] [thread 479825] [MeshLoader] Assimp flags: Triangulate|GenNormals|ValidateDataStructure|JoinIdenticalVertices|FixInfacingNormals
[2026-02-11 15:59:11.569] [debug] [thread 479825] [MeshLoader] Assimp loaded scene: 1 mesh(es)
[2026-02-11 15:59:11.569] [debug] [thread 479825] [MeshLoader] Scene totals: 24 vertices, 12 faces
[2026-02-11 15:59:11.570] [debug] [thread 479825] [MeshLoader] Mesh[0]: 24 vertices, 12 faces, normals=yes
[2026-02-11 15:59:11.570] [info] [thread 479825] [MeshLoader] Successfully loaded '/Users/adriangabriel.axtmann/gitlab-dm/gitlab/medusa/tests/integration/../assets/stl/ascii/sample_asciii_cube.stl'
[2026-02-11 15:59:11.570] [info] [thread 479825] [MeshLoader]   Vertices: 36
[2026-02-11 15:59:11.570] [info] [thread 479825] [MeshLoader]   Triangles: 12
[2026-02-11 15:59:11.570] [info] [thread 479825] [MeshLoader]   Skipped faces (non-triangle): 0
[2026-02-11 15:59:11.570] [info] [thread 479825] [MeshLoader]   Degenerate normals fixed: 0
[2026-02-11 15:59:11.570] [info] [thread 479825] [MeshLoader]   Bounding Box Min: (0.000, -20.000, 0.000)
[2026-02-11 15:59:11.570] [info] [thread 479825] [MeshLoader]   Bounding Box Max: (20.000, 0.000, 20.000)
[2026-02-11 15:59:11.570] [info] [thread 479825] [MeshLoader]   Bounding Box Center: (10.000, -10.000, 10.000)
[2026-02-11 15:59:11.570] [info] [thread 479825] [MeshLoader]   Bounding Radius: 10.000
[2026-02-11 15:59:11.570] [debug] [thread 479825] [MeshLoader] Starting load: '/Users/adriangabriel.axtmann/gitlab-dm/gitlab/medusa/tests/integration/../assets/stl/binary/sample_binary_cube.stl'
[2026-02-11 15:59:11.570] [debug] [thread 479825] [MeshLoader] Assimp flags: Triangulate|GenNormals|ValidateDataStructure|JoinIdenticalVertices|FixInfacingNormals
[2026-02-11 15:59:11.570] [debug] [thread 479825] [MeshLoader] Assimp loaded scene: 1 mesh(es)
[2026-02-11 15:59:11.570] [debug] [thread 479825] [MeshLoader] Scene totals: 24 vertices, 12 faces
[2026-02-11 15:59:11.570] [debug] [thread 479825] [MeshLoader] Mesh[0]: 24 vertices, 12 faces, normals=yes
[2026-02-11 15:59:11.570] [info] [thread 479825] [MeshLoader] Successfully loaded '/Users/adriangabriel.axtmann/gitlab-dm/gitlab/medusa/tests/integration/../assets/stl/binary/sample_binary_cube.stl'
[2026-02-11 15:59:11.570] [info] [thread 479825] [MeshLoader]   Vertices: 36
[2026-02-11 15:59:11.570] [info] [thread 479825] [MeshLoader]   Triangles: 12
[2026-02-11 15:59:11.570] [info] [thread 479825] [MeshLoader]   Skipped faces (non-triangle): 0
[2026-02-11 15:59:11.570] [info] [thread 479825] [MeshLoader]   Degenerate normals fixed: 0
[2026-02-11 15:59:11.570] [info] [thread 479825] [MeshLoader]   Bounding Box Min: (0.000, 0.000, 0.000)
[2026-02-11 15:59:11.570] [info] [thread 479825] [MeshLoader]   Bounding Box Max: (30.000, 30.000, 30.000)
[2026-02-11 15:59:11.570] [info] [thread 479825] [MeshLoader]   Bounding Box Center: (15.000, 15.000, 15.000)
[2026-02-11 15:59:11.570] [info] [thread 479825] [MeshLoader]   Bounding Radius: 15.000
[2026-02-11 15:59:11.570] [debug] [thread 479825] [MeshLoader] Starting load: '/Users/adriangabriel.axtmann/gitlab-dm/gitlab/medusa/tests/integration/../assets/obj/sample_binary_cube.obj'
[2026-02-11 15:59:11.570] [debug] [thread 479825] [MeshLoader] Assimp flags: Triangulate|GenNormals|ValidateDataStructure|JoinIdenticalVertices|FixInfacingNormals
[2026-02-11 15:59:11.754] [debug] [thread 479825] [MeshLoader] Assimp loaded scene: 1 mesh(es)
[2026-02-11 15:59:11.754] [debug] [thread 479825] [MeshLoader] Scene totals: 24 vertices, 12 faces
[2026-02-11 15:59:11.754] [debug] [thread 479825] [MeshLoader] Mesh[0]: 24 vertices, 12 faces, normals=yes
[2026-02-11 15:59:11.754] [info] [thread 479825] [MeshLoader] Successfully loaded '/Users/adriangabriel.axtmann/gitlab-dm/gitlab/medusa/tests/integration/../assets/obj/sample_binary_cube.obj'
[2026-02-11 15:59:11.754] [info] [thread 479825] [MeshLoader]   Vertices: 36
[2026-02-11 15:59:11.754] [info] [thread 479825] [MeshLoader]   Triangles: 12
[2026-02-11 15:59:11.754] [info] [thread 479825] [MeshLoader]   Skipped faces (non-triangle): 0
[2026-02-11 15:59:11.754] [info] [thread 479825] [MeshLoader]   Degenerate normals fixed: 0
[2026-02-11 15:59:11.754] [info] [thread 479825] [MeshLoader]   Bounding Box Min: (0.000, 0.000, 0.000)
[2026-02-11 15:59:11.754] [info] [thread 479825] [MeshLoader]   Bounding Box Max: (1.000, 1.000, 1.000)
[2026-02-11 15:59:11.754] [info] [thread 479825] [MeshLoader]   Bounding Box Center: (0.500, 0.500, 0.500)
[2026-02-11 15:59:11.754] [info] [thread 479825] [MeshLoader]   Bounding Radius: 0.500
[2026-02-11 15:59:11.754] [debug] [thread 479825] [MeshLoader] Starting load: '/Users/adriangabriel.axtmann/gitlab-dm/gitlab/medusa/tests/integration/../assets/stl/binary/sample_binary_cube.stl'
[2026-02-11 15:59:11.754] [debug] [thread 479825] [MeshLoader] Assimp flags: Triangulate|GenNormals|ValidateDataStructure|JoinIdenticalVertices|FixInfacingNormals
[2026-02-11 15:59:11.754] [debug] [thread 479825] [MeshLoader] Assimp loaded scene: 1 mesh(es)
[2026-02-11 15:59:11.754] [debug] [thread 479825] [MeshLoader] Scene totals: 24 vertices, 12 faces
[2026-02-11 15:59:11.754] [debug] [thread 479825] [MeshLoader] Mesh[0]: 24 vertices, 12 faces, normals=yes
[2026-02-11 15:59:11.754] [info] [thread 479825] [MeshLoader] Successfully loaded '/Users/adriangabriel.axtmann/gitlab-dm/gitlab/medusa/tests/integration/../assets/stl/binary/sample_binary_cube.stl'
[2026-02-11 15:59:11.754] [info] [thread 479825] [MeshLoader]   Vertices: 36
[2026-02-11 15:59:11.754] [info] [thread 479825] [MeshLoader]   Triangles: 12
[2026-02-11 15:59:11.754] [info] [thread 479825] [MeshLoader]   Skipped faces (non-triangle): 0
[2026-02-11 15:59:11.754] [info] [thread 479825] [MeshLoader]   Degenerate normals fixed: 0
[2026-02-11 15:59:11.754] [info] [thread 479825] [MeshLoader]   Bounding Box Min: (0.000, 0.000, 0.000)
[2026-02-11 15:59:11.754] [info] [thread 479825] [MeshLoader]   Bounding Box Max: (30.000, 30.000, 30.000)
[2026-02-11 15:59:11.754] [info] [thread 479825] [MeshLoader]   Bounding Box Center: (15.000, 15.000, 15.000)
[2026-02-11 15:59:11.754] [info] [thread 479825] [MeshLoader]   Bounding Radius: 15.000
[2026-02-11 15:59:11.754] [debug] [thread 479825] [MeshLoader] Starting load: '/Users/adriangabriel.axtmann/gitlab-dm/gitlab/medusa/tests/integration/../assets/stl/binary/sample_binary_cube.stl'
[2026-02-11 15:59:11.754] [debug] [thread 479825] [MeshLoader] Assimp flags: Triangulate|GenNormals|ValidateDataStructure|JoinIdenticalVertices|FixInfacingNormals
[2026-02-11 15:59:11.755] [debug] [thread 479825] [MeshLoader] Assimp loaded scene: 1 mesh(es)
[2026-02-11 15:59:11.755] [debug] [thread 479825] [MeshLoader] Scene totals: 24 vertices, 12 faces
[2026-02-11 15:59:11.755] [debug] [thread 479825] [MeshLoader] Mesh[0]: 24 vertices, 12 faces, normals=yes
[2026-02-11 15:59:11.755] [info] [thread 479825] [MeshLoader] Successfully loaded '/Users/adriangabriel.axtmann/gitlab-dm/gitlab/medusa/tests/integration/../assets/stl/binary/sample_binary_cube.stl'
[2026-02-11 15:59:11.755] [info] [thread 479825] [MeshLoader]   Vertices: 36
[2026-02-11 15:59:11.755] [info] [thread 479825] [MeshLoader]   Triangles: 12
[2026-02-11 15:59:11.755] [info] [thread 479825] [MeshLoader]   Skipped faces (non-triangle): 0
[2026-02-11 15:59:11.755] [info] [thread 479825] [MeshLoader]   Degenerate normals fixed: 0
[2026-02-11 15:59:11.755] [info] [thread 479825] [MeshLoader]   Bounding Box Min: (0.000, 0.000, 0.000)
[2026-02-11 15:59:11.755] [info] [thread 479825] [MeshLoader]   Bounding Box Max: (30.000, 30.000, 30.000)
[2026-02-11 15:59:11.755] [info] [thread 479825] [MeshLoader]   Bounding Box Center: (15.000, 15.000, 15.000)
[2026-02-11 15:59:11.755] [info] [thread 479825] [MeshLoader]   Bounding Radius: 15.000
[2026-02-11 15:59:11.755] [debug] [thread 479825] [MeshLoader] Trying 4 candidate path(s)
[2026-02-11 15:59:11.755] [debug] [thread 479825] [MeshLoader] Starting load: '/Users/adriangabriel.axtmann/gitlab-dm/gitlab/medusa/tests/integration/../assets/nonexistent.stl'
[2026-02-11 15:59:11.755] [debug] [thread 479825] [MeshLoader] Assimp flags: Triangulate|GenNormals|ValidateDataStructure|JoinIdenticalVertices|FixInfacingNormals
[2026-02-11 15:59:11.755] [error] [thread 479825] [MeshLoader] Assimp failed to load '/Users/adriangabriel.axtmann/gitlab-dm/gitlab/medusa/tests/integration/../assets/nonexistent.stl': Unable to open file "/Users/adriangabriel.axtmann/gitlab-dm/gitlab/medusa/tests/integration/../assets/nonexistent.stl".
[2026-02-11 15:59:11.755] [debug] [thread 479825] [MeshLoader] Starting load: '/Users/adriangabriel.axtmann/gitlab-dm/gitlab/medusa/tests/integration/../assets/also_nonexistent.obj'
[2026-02-11 15:59:11.755] [debug] [thread 479825] [MeshLoader] Assimp flags: Triangulate|GenNormals|ValidateDataStructure|JoinIdenticalVertices|FixInfacingNormals
[2026-02-11 15:59:11.755] [error] [thread 479825] [MeshLoader] Assimp failed to load '/Users/adriangabriel.axtmann/gitlab-dm/gitlab/medusa/tests/integration/../assets/also_nonexistent.obj': Unable to open file "/Users/adriangabriel.axtmann/gitlab-dm/gitlab/medusa/tests/integration/../assets/also_nonexistent.obj".
[2026-02-11 15:59:11.755] [debug] [thread 479825] [MeshLoader] Starting load: '/Users/adriangabriel.axtmann/gitlab-dm/gitlab/medusa/tests/integration/../assets/stl/ascii/sample_asciii_cube.stl'
[2026-02-11 15:59:11.755] [debug] [thread 479825] [MeshLoader] Assimp flags: Triangulate|GenNormals|ValidateDataStructure|JoinIdenticalVertices|FixInfacingNormals
[2026-02-11 15:59:11.756] [debug] [thread 479825] [MeshLoader] Assimp loaded scene: 1 mesh(es)
[2026-02-11 15:59:11.756] [debug] [thread 479825] [MeshLoader] Scene totals: 24 vertices, 12 faces
[2026-02-11 15:59:11.756] [debug] [thread 479825] [MeshLoader] Mesh[0]: 24 vertices, 12 faces, normals=yes
[2026-02-11 15:59:11.756] [info] [thread 479825] [MeshLoader] Successfully loaded '/Users/adriangabriel.axtmann/gitlab-dm/gitlab/medusa/tests/integration/../assets/stl/ascii/sample_asciii_cube.stl'
[2026-02-11 15:59:11.756] [info] [thread 479825] [MeshLoader]   Vertices: 36
[2026-02-11 15:59:11.756] [info] [thread 479825] [MeshLoader]   Triangles: 12
[2026-02-11 15:59:11.756] [info] [thread 479825] [MeshLoader]   Skipped faces (non-triangle): 0
[2026-02-11 15:59:11.756] [info] [thread 479825] [MeshLoader]   Degenerate normals fixed: 0
[2026-02-11 15:59:11.756] [info] [thread 479825] [MeshLoader]   Bounding Box Min: (0.000, -20.000, 0.000)
[2026-02-11 15:59:11.756] [info] [thread 479825] [MeshLoader]   Bounding Box Max: (20.000, 0.000, 20.000)
[2026-02-11 15:59:11.756] [info] [thread 479825] [MeshLoader]   Bounding Box Center: (10.000, -10.000, 10.000)
[2026-02-11 15:59:11.756] [info] [thread 479825] [MeshLoader]   Bounding Radius: 10.000
[2026-02-11 15:59:11.756] [debug] [thread 479825] [MeshLoader] Starting load: '/Users/adriangabriel.axtmann/gitlab-dm/gitlab/medusa/tests/integration/../assets/stl/ascii/sample_asciii_cube.stl'
[2026-02-11 15:59:11.756] [debug] [thread 479825] [MeshLoader] Assimp flags: Triangulate|GenNormals|ValidateDataStructure|JoinIdenticalVertices|FixInfacingNormals
[2026-02-11 15:59:11.756] [debug] [thread 479825] [MeshLoader] Assimp loaded scene: 1 mesh(es)
[2026-02-11 15:59:11.756] [debug] [thread 479825] [MeshLoader] Scene totals: 24 vertices, 12 faces
[2026-02-11 15:59:11.756] [debug] [thread 479825] [MeshLoader] Mesh[0]: 24 vertices, 12 faces, normals=yes
[2026-02-11 15:59:11.756] [info] [thread 479825] [MeshLoader] Successfully loaded '/Users/adriangabriel.axtmann/gitlab-dm/gitlab/medusa/tests/integration/../assets/stl/ascii/sample_asciii_cube.stl'
[2026-02-11 15:59:11.756] [info] [thread 479825] [MeshLoader]   Vertices: 36
[2026-02-11 15:59:11.756] [info] [thread 479825] [MeshLoader]   Triangles: 12
[2026-02-11 15:59:11.756] [info] [thread 479825] [MeshLoader]   Skipped faces (non-triangle): 0
[2026-02-11 15:59:11.756] [info] [thread 479825] [MeshLoader]   Degenerate normals fixed: 0
[2026-02-11 15:59:11.756] [info] [thread 479825] [MeshLoader]   Bounding Box Min: (0.000, -20.000, 0.000)
[2026-02-11 15:59:11.756] [info] [thread 479825] [MeshLoader]   Bounding Box Max: (20.000, 0.000, 20.000)
[2026-02-11 15:59:11.756] [info] [thread 479825] [MeshLoader]   Bounding Box Center: (10.000, -10.000, 10.000)
[2026-02-11 15:59:11.756] [info] [thread 479825] [MeshLoader]   Bounding Radius: 10.000
[2026-02-11 15:59:11.756] [debug] [thread 479825] [MeshLoader] Starting load: '/Users/adriangabriel.axtmann/gitlab-dm/gitlab/medusa/tests/integration/../assets/stl/binary/sample_binary_cube.stl'
[2026-02-11 15:59:11.756] [debug] [thread 479825] [MeshLoader] Assimp flags: Triangulate|GenNormals|ValidateDataStructure|JoinIdenticalVertices|FixInfacingNormals
[2026-02-11 15:59:11.757] [debug] [thread 479825] [MeshLoader] Assimp loaded scene: 1 mesh(es)
[2026-02-11 15:59:11.757] [debug] [thread 479825] [MeshLoader] Scene totals: 24 vertices, 12 faces
[2026-02-11 15:59:11.757] [debug] [thread 479825] [MeshLoader] Mesh[0]: 24 vertices, 12 faces, normals=yes
[2026-02-11 15:59:11.757] [info] [thread 479825] [MeshLoader] Successfully loaded '/Users/adriangabriel.axtmann/gitlab-dm/gitlab/medusa/tests/integration/../assets/stl/binary/sample_binary_cube.stl'
[2026-02-11 15:59:11.757] [info] [thread 479825] [MeshLoader]   Vertices: 36
[2026-02-11 15:59:11.757] [info] [thread 479825] [MeshLoader]   Triangles: 12
[2026-02-11 15:59:11.757] [info] [thread 479825] [MeshLoader]   Skipped faces (non-triangle): 0
[2026-02-11 15:59:11.757] [info] [thread 479825] [MeshLoader]   Degenerate normals fixed: 0
[2026-02-11 15:59:11.757] [info] [thread 479825] [MeshLoader]   Bounding Box Min: (0.000, 0.000, 0.000)
[2026-02-11 15:59:11.757] [info] [thread 479825] [MeshLoader]   Bounding Box Max: (30.000, 30.000, 30.000)
[2026-02-11 15:59:11.757] [info] [thread 479825] [MeshLoader]   Bounding Box Center: (15.000, 15.000, 15.000)
[2026-02-11 15:59:11.757] [info] [thread 479825] [MeshLoader]   Bounding Radius: 15.000
[2026-02-11 15:59:11.757] [debug] [thread 479825] [MeshLoader] Starting load: '/Users/adriangabriel.axtmann/gitlab-dm/gitlab/medusa/tests/integration/../assets/obj/sample_binary_cube.obj'
[2026-02-11 15:59:11.757] [debug] [thread 479825] [MeshLoader] Assimp flags: Triangulate|GenNormals|ValidateDataStructure|JoinIdenticalVertices|FixInfacingNormals
[2026-02-11 15:59:11.942] [debug] [thread 479825] [MeshLoader] Assimp loaded scene: 1 mesh(es)
[2026-02-11 15:59:11.942] [debug] [thread 479825] [MeshLoader] Scene totals: 24 vertices, 12 faces
[2026-02-11 15:59:11.942] [debug] [thread 479825] [MeshLoader] Mesh[0]: 24 vertices, 12 faces, normals=yes
[2026-02-11 15:59:11.942] [info] [thread 479825] [MeshLoader] Successfully loaded '/Users/adriangabriel.axtmann/gitlab-dm/gitlab/medusa/tests/integration/../assets/obj/sample_binary_cube.obj'
[2026-02-11 15:59:11.942] [info] [thread 479825] [MeshLoader]   Vertices: 36
[2026-02-11 15:59:11.942] [info] [thread 479825] [MeshLoader]   Triangles: 12
[2026-02-11 15:59:11.942] [info] [thread 479825] [MeshLoader]   Skipped faces (non-triangle): 0
[2026-02-11 15:59:11.942] [info] [thread 479825] [MeshLoader]   Degenerate normals fixed: 0
[2026-02-11 15:59:11.942] [info] [thread 479825] [MeshLoader]   Bounding Box Min: (0.000, 0.000, 0.000)
[2026-02-11 15:59:11.942] [info] [thread 479825] [MeshLoader]   Bounding Box Max: (1.000, 1.000, 1.000)
[2026-02-11 15:59:11.942] [info] [thread 479825] [MeshLoader]   Bounding Box Center: (0.500, 0.500, 0.500)
[2026-02-11 15:59:11.942] [info] [thread 479825] [MeshLoader]   Bounding Radius: 0.500
[2026-02-11 16:04:03.445] [info] [thread 488076] Async logger initialized (console=debug, file=debug)
[2026-02-11 16:04:03.445] [info] [thread 488076] [MeshLoader] Eagerly initializing Assimp importers...
[2026-02-11 16:04:03.448] [info] [thread 488076] [MeshLoader] Initialization complete (2ms)
[2026-02-11 16:04:03.448] [debug] [thread 488076] [MeshLoader] Supported extensions: *.3d;*.3ds;*.3mf;*.ac;*.ac3d;*.acc;*.amf;*.ase;*.ask;*.assbin;*.b3d;*.blend;*.bsp;*.bvh;*.cob;*.csm;*.dae;*.dxf;*.enff;*.fbx;*.glb;*.gltf;*.hmp;*.ifc;*.ifczip;*.iqm;*.irr;*.irrmesh;*.lwo;*.lws;*.lxo;*.md2;*.md3;*.md5anim;*.md5camera;*.md5mesh;*.mdc;*.mdl;*.mesh;*.mesh.xml;*.mot;*.ms3d;*.ndo;*.nff;*.obj;*.off;*.ogex;*.pk3;*.ply;*.pmx;*.prj;*.q3o;*.q3s;*.raw;*.scn;*.sib;*.smd;*.step;*.stl;*.stp;*.ter;*.uc;*.vrm;*.vta;*.x;*.x3d;*.x3db;*.xgl;*.xml;*.zae;*.zgl
[2026-02-11 16:04:03.448] [debug] [thread 488076] [MeshLoader] Starting load: '/Users/adriangabriel.axtmann/gitlab-dm/gitlab/medusa/tests/integration/../assets/stl/ascii/sample_asciii_cube.stl'
[2026-02-11 16:04:03.448] [debug] [thread 488076] [MeshLoader] Assimp flags: Triangulate|GenNormals|ValidateDataStructure|JoinIdenticalVertices|FixInfacingNormals
[2026-02-11 16:04:03.450] [debug] [thread 488076] [MeshLoader] Assimp loaded scene: 1 mesh(es)
[2026-02-11 16:04:03.450] [debug] [thread 488076] [MeshLoader] Scene totals: 24 vertices, 12 faces
[2026-02-11 16:04:03.450] [debug] [thread 488076] [MeshLoader] Mesh[0]: 24 vertices, 12 faces, normals=yes
[2026-02-11 16:04:03.450] [info] [thread 488076] [MeshLoader] Successfully loaded '/Users/adriangabriel.axtmann/gitlab-dm/gitlab/medusa/tests/integration/../assets/stl/ascii/sample_asciii_cube.stl'
[2026-02-11 16:04:03.450] [info] [thread 488076] [MeshLoader]   Vertices: 36
[2026-02-11 16:04:03.450] [info] [thread 488076] [MeshLoader]   Triangles: 12
[2026-02-11 16:04:03.450] [info] [thread 488076] [MeshLoader]   Skipped faces (non-triangle): 0
[2026-02-11 16:04:03.450] [info] [thread 488076] [MeshLoader]   Degenerate normals fixed: 0
[2026-02-11 16:04:03.450] [info] [thread 488076] [MeshLoader]   Bounding Box Min: (0.000, -20.000, 0.000)
[2026-02-11 16:04:03.450] [info] [thread 488076] [MeshLoader]   Bounding Box Max: (20.000, 0.000, 20.000)
[2026-02-11 16:04:03.450] [info] [thread 488076] [MeshLoader]   Bounding Box Center: (10.000, -10.000, 10.000)
[2026-02-11 16:04:03.450] [info] [thread 488076] [MeshLoader]   Bounding Radius: 10.000
[2026-02-11 16:04:03.450] [debug] [thread 488076] [MeshLoader] Starting load: '/Users/adriangabriel.axtmann/gitlab-dm/gitlab/medusa/tests/integration/../assets/stl/binary/sample_binary_cube.stl'
[2026-02-11 16:04:03.450] [debug] [thread 488076] [MeshLoader] Assimp flags: Triangulate|GenNormals|ValidateDataStructure|JoinIdenticalVertices|FixInfacingNormals
[2026-02-11 16:04:03.451] [debug] [thread 488076] [MeshLoader] Assimp loaded scene: 1 mesh(es)
[2026-02-11 16:04:03.451] [debug] [thread 488076] [MeshLoader] Scene totals: 24 vertices, 12 faces
[2026-02-11 16:04:03.451] [debug] [thread 488076] [MeshLoader] Mesh[0]: 24 vertices, 12 faces, normals=yes
[2026-02-11 16:04:03.451] [info] [thread 488076] [MeshLoader] Successfully loaded '/Users/adriangabriel.axtmann/gitlab-dm/gitlab/medusa/tests/integration/../assets/stl/binary/sample_binary_cube.stl'
[2026-02-11 16:04:03.451] [info] [thread 488076] [MeshLoader]   Vertices: 36
[2026-02-11 16:04:03.451] [info] [thread 488076] [MeshLoader]   Triangles: 12
[2026-02-11 16:04:03.451] [info] [thread 488076] [MeshLoader]   Skipped faces (non-triangle): 0
[2026-02-11 16:04:03.451] [info] [thread 488076] [MeshLoader]   Degenerate normals fixed: 0
[2026-02-11 16:04:03.451] [info] [thread 488076] [MeshLoader]   Bounding Box Min: (0.000, 0.000, 0.000)
[2026-02-11 16:04:03.451] [info] [thread 488076] [MeshLoader]   Bounding Box Max: (30.000, 30.000, 30.000)
[2026-02-11 16:04:03.451] [info] [thread 488076] [MeshLoader]   Bounding Box Center: (15.000, 15.000, 15.000)
[2026-02-11 16:04:03.451] [info] [thread 488076] [MeshLoader]   Bounding Radius: 15.000
[2026-02-11 16:04:03.451] [debug] [thread 488076] [MeshLoader] Starting load: '/Users/adriangabriel.axtmann/gitlab-dm/gitlab/medusa/tests/integration/../assets/obj/sample_binary_cube.obj'
[2026-02-11 16:04:03.451] [debug] [thread 488076] [MeshLoader] Assimp flags: Triangulate|GenNormals|ValidateDataStructure|JoinIdenticalVertices|FixInfacingNormals
[2026-02-11 16:04:03.631] [debug] [thread 488076] [MeshLoader] Assimp loaded scene: 1 mesh(es)
[2026-02-11 16:04:03.631] [debug] [thread 488076] [MeshLoader] Scene totals: 24 vertices, 12 faces
[2026-02-11 16:04:03.631] [debug] [thread 488076] [MeshLoader] Mesh[0]: 24 vertices, 12 faces, normals=yes
[2026-02-11 16:04:03.631] [info] [thread 488076] [MeshLoader] Successfully loaded '/Users/adriangabriel.axtmann/gitlab-dm/gitlab/medusa/tests/integration/../assets/obj/sample_binary_cube.obj'
[2026-02-11 16:04:03.631] [info] [thread 488076] [MeshLoader]   Vertices: 36
[2026-02-11 16:04:03.631] [info] [thread 488076] [MeshLoader]   Triangles: 12
[2026-02-11 16:04:03.631] [info] [thread 488076] [MeshLoader]   Skipped faces (non-triangle): 0
[2026-02-11 16:04:03.631] [info] [thread 488076] [MeshLoader]   Degenerate normals fixed: 0
[2026-02-11 16:04:03.631] [info] [thread 488076] [MeshLoader]   Bounding Box Min: (0.000, 0.000, 0.000)
[2026-02-11 16:04:03.631] [info] [thread 488076] [MeshLoader]   Bounding Box Max: (1.000, 1.000, 1.000)
[2026-02-11 16:04:03.631] [info] [thread 488076] [MeshLoader]   Bounding Box Center: (0.500, 0.500, 0.500)
[2026-02-11 16:04:03.631] [info] [thread 488076] [MeshLoader]   Bounding Radius: 0.500
[2026-02-11 16:04:45.106] [info] [thread 489409] Async logger initialized (console=debug, file=debug)
[2026-02-11 16:04:45.106] [info] [thread 489409] [MeshLoader] Eagerly initializing Assimp importers...
[2026-02-11 16:04:45.289] [info] [thread 489409] [MeshLoader] Initialization complete (183ms)
[2026-02-11 16:04:45.289] [debug] [thread 489409] [MeshLoader] Supported extensions: *.3d;*.3ds;*.3mf;*.ac;*.ac3d;*.acc;*.amf;*.ase;*.ask;*.assbin;*.b3d;*.blend;*.bsp;*.bvh;*.cob;*.csm;*.dae;*.dxf;*.enff;*.fbx;*.glb;*.gltf;*.hmp;*.ifc;*.ifczip;*.iqm;*.irr;*.irrmesh;*.lwo;*.lws;*.lxo;*.md2;*.md3;*.md5anim;*.md5camera;*.md5mesh;*.mdc;*.mdl;*.mesh;*.mesh.xml;*.mot;*.ms3d;*.ndo;*.nff;*.obj;*.off;*.ogex;*.pk3;*.ply;*.pmx;*.prj;*.q3o;*.q3s;*.raw;*.scn;*.sib;*.smd;*.step;*.stl;*.stp;*.ter;*.uc;*.vrm;*.vta;*.x;*.x3d;*.x3db;*.xgl;*.xml;*.zae;*.zgl
[2026-02-11 16:04:45.290] [debug] [thread 489409] [MeshLoader] Starting load: '/Users/adriangabriel.axtmann/gitlab-dm/gitlab/medusa/tests/integration/../assets/stl/ascii/sample_asciii_cube.stl'
[2026-02-11 16:04:45.290] [debug] [thread 489409] [MeshLoader] Assimp flags: Triangulate|GenNormals|ValidateDataStructure|JoinIdenticalVertices|FixInfacingNormals
[2026-02-11 16:04:45.292] [debug] [thread 489409] [MeshLoader] Assimp loaded scene: 1 mesh(es)
[2026-02-11 16:04:45.292] [debug] [thread 489409] [MeshLoader] Scene totals: 24 vertices, 12 faces
[2026-02-11 16:04:45.292] [debug] [thread 489409] [MeshLoader] Mesh[0]: 24 vertices, 12 faces, normals=yes
[2026-02-11 16:04:45.292] [info] [thread 489409] [MeshLoader] Successfully loaded '/Users/adriangabriel.axtmann/gitlab-dm/gitlab/medusa/tests/integration/../assets/stl/ascii/sample_asciii_cube.stl'
[2026-02-11 16:04:45.292] [info] [thread 489409] [MeshLoader]   Vertices: 36
[2026-02-11 16:04:45.292] [info] [thread 489409] [MeshLoader]   Triangles: 12
[2026-02-11 16:04:45.292] [info] [thread 489409] [MeshLoader]   Skipped faces (non-triangle): 0
[2026-02-11 16:04:45.292] [info] [thread 489409] [MeshLoader]   Degenerate normals fixed: 0
[2026-02-11 16:04:45.292] [info] [thread 489409] [MeshLoader]   Bounding Box Min: (0.000, -20.000, 0.000)
[2026-02-11 16:04:45.292] [info] [thread 489409] [MeshLoader]   Bounding Box Max: (20.000, 0.000, 20.000)
[2026-02-11 16:04:45.292] [info] [thread 489409] [MeshLoader]   Bounding Box Center: (10.000, -10.000, 10.000)
[2026-02-11 16:04:45.292] [info] [thread 489409] [MeshLoader]   Bounding Radius: 10.000
[2026-02-11 16:04:45.292] [debug] [thread 489409] [MeshLoader] Starting load: '/Users/adriangabriel.axtmann/gitlab-dm/gitlab/medusa/tests/integration/../assets/stl/binary/sample_binary_cube.stl'
[2026-02-11 16:04:45.292] [debug] [thread 489409] [MeshLoader] Assimp flags: Triangulate|GenNormals|ValidateDataStructure|JoinIdenticalVertices|FixInfacingNormals
[2026-02-11 16:04:45.293] [debug] [thread 489409] [MeshLoader] Assimp loaded scene: 1 mesh(es)
[2026-02-11 16:04:45.293] [debug] [thread 489409] [MeshLoader] Scene totals: 24 vertices, 12 faces
[2026-02-11 16:04:45.293] [debug] [thread 489409] [MeshLoader] Mesh[0]: 24 vertices, 12 faces, normals=yes
[2026-02-11 16:04:45.293] [info] [thread 489409] [MeshLoader] Successfully loaded '/Users/adriangabriel.axtmann/gitlab-dm/gitlab/medusa/tests/integration/../assets/stl/binary/sample_binary_cube.stl'
[2026-02-11 16:04:45.293] [info] [thread 489409] [MeshLoader]   Vertices: 36
[2026-02-11 16:04:45.293] [info] [thread 489409] [MeshLoader]   Triangles: 12
[2026-02-11 16:04:45.293] [info] [thread 489409] [MeshLoader]   Skipped faces (non-triangle): 0
[2026-02-11 16:04:45.293] [info] [thread 489409] [MeshLoader]   Degenerate normals fixed: 0
[2026-02-11 16:04:45.293] [info] [thread 489409] [MeshLoader]   Bounding Box Min: (0.000, 0.000, 0.000)
[2026-02-11 16:04:45.293] [info] [thread 489409] [MeshLoader]   Bounding Box Max: (30.000, 30.000, 30.000)
[2026-02-11 16:04:45.293] [info] [thread 489409] [MeshLoader]   Bounding Box Center: (15.000, 15.000, 15.000)
[2026-02-11 16:04:45.293] [info] [thread 489409] [MeshLoader]   Bounding Radius: 15.000
[2026-02-11 16:04:45.293] [debug] [thread 489409] [MeshLoader] Starting load: '/Users/adriangabriel.axtmann/gitlab-dm/gitlab/medusa/tests/integration/../assets/obj/sample_binary_cube.obj'
[2026-02-11 16:04:45.293] [debug] [thread 489409] [MeshLoader] Assimp flags: Triangulate|GenNormals|ValidateDataStructure|JoinIdenticalVertices|FixInfacingNormals
[2026-02-11 16:04:45.474] [debug] [thread 489409] [MeshLoader] Assimp loaded scene: 1 mesh(es)
[2026-02-11 16:04:45.474] [debug] [thread 489409] [MeshLoader] Scene totals: 24 vertices, 12 faces
[2026-02-11 16:04:45.474] [debug] [thread 489409] [MeshLoader] Mesh[0]: 24 vertices, 12 faces, normals=yes
[2026-02-11 16:04:45.474] [info] [thread 489409] [MeshLoader] Successfully loaded '/Users/adriangabriel.axtmann/gitlab-dm/gitlab/medusa/tests/integration/../assets/obj/sample_binary_cube.obj'
[2026-02-11 16:04:45.474] [info] [thread 489409] [MeshLoader]   Vertices: 36
[2026-02-11 16:04:45.474] [info] [thread 489409] [MeshLoader]   Triangles: 12
[2026-02-11 16:04:45.474] [info] [thread 489409] [MeshLoader]   Skipped faces (non-triangle): 0
[2026-02-11 16:04:45.474] [info] [thread 489409] [MeshLoader]   Degenerate normals fixed: 0
[2026-02-11 16:04:45.474] [info] [thread 489409] [MeshLoader]   Bounding Box Min: (0.000, 0.000, 0.000)
[2026-02-11 16:04:45.474] [info] [thread 489409] [MeshLoader]   Bounding Box Max: (1.000, 1.000, 1.000)
[2026-02-11 16:04:45.474] [info] [thread 489409] [MeshLoader]   Bounding Box Center: (0.500, 0.500, 0.500)
[2026-02-11 16:04:45.474] [info] [thread 489409] [MeshLoader]   Bounding Radius: 0.500
[2026-02-11 16:05:18.904] [info] [thread 490429] Async logger initialized (console=debug, file=debug)
[2026-02-11 16:05:18.904] [info] [thread 490429] [MeshLoader] Eagerly initializing Assimp importers...
[2026-02-11 16:05:19.084] [info] [thread 490429] [MeshLoader] Initialization complete (180ms)
[2026-02-11 16:05:19.084] [debug] [thread 490429] [MeshLoader] Supported extensions: *.3d;*.3ds;*.3mf;*.ac;*.ac3d;*.acc;*.amf;*.ase;*.ask;*.assbin;*.b3d;*.blend;*.bsp;*.bvh;*.cob;*.csm;*.dae;*.dxf;*.enff;*.fbx;*.glb;*.gltf;*.hmp;*.ifc;*.ifczip;*.iqm;*.irr;*.irrmesh;*.lwo;*.lws;*.lxo;*.md2;*.md3;*.md5anim;*.md5camera;*.md5mesh;*.mdc;*.mdl;*.mesh;*.mesh.xml;*.mot;*.ms3d;*.ndo;*.nff;*.obj;*.off;*.ogex;*.pk3;*.ply;*.pmx;*.prj;*.q3o;*.q3s;*.raw;*.scn;*.sib;*.smd;*.step;*.stl;*.stp;*.ter;*.uc;*.vrm;*.vta;*.x;*.x3d;*.x3db;*.xgl;*.xml;*.zae;*.zgl
[2026-02-11 16:05:19.085] [debug] [thread 490429] [MeshLoader] Starting load: '/Users/adriangabriel.axtmann/gitlab-dm/gitlab/medusa/tests/integration/../assets/stl/ascii/sample_asciii_cube.stl'
[2026-02-11 16:05:19.085] [debug] [thread 490429] [MeshLoader] Assimp flags: Triangulate|GenNormals|ValidateDataStructure|JoinIdenticalVertices|FixInfacingNormals
[2026-02-11 16:05:19.086] [debug] [thread 490429] [MeshLoader] Assimp loaded scene: 1 mesh(es)
[2026-02-11 16:05:19.086] [debug] [thread 490429] [MeshLoader] Scene totals: 24 vertices, 12 faces
[2026-02-11 16:05:19.086] [debug] [thread 490429] [MeshLoader] Mesh[0]: 24 vertices, 12 faces, normals=yes
[2026-02-11 16:05:19.086] [info] [thread 490429] [MeshLoader] Successfully loaded '/Users/adriangabriel.axtmann/gitlab-dm/gitlab/medusa/tests/integration/../assets/stl/ascii/sample_asciii_cube.stl'
[2026-02-11 16:05:19.086] [info] [thread 490429] [MeshLoader]   Vertices: 36
[2026-02-11 16:05:19.086] [info] [thread 490429] [MeshLoader]   Triangles: 12
[2026-02-11 16:05:19.086] [info] [thread 490429] [MeshLoader]   Skipped faces (non-triangle): 0
[2026-02-11 16:05:19.086] [info] [thread 490429] [MeshLoader]   Degenerate normals fixed: 0
[2026-02-11 16:05:19.086] [info] [thread 490429] [MeshLoader]   Bounding Box Min: (0.000, -20.000, 0.000)
[2026-02-11 16:05:19.086] [info] [thread 490429] [MeshLoader]   Bounding Box Max: (20.000, 0.000, 20.000)
[2026-02-11 16:05:19.086] [info] [thread 490429] [MeshLoader]   Bounding Box Center: (10.000, -10.000, 10.000)
[2026-02-11 16:05:19.086] [info] [thread 490429] [MeshLoader]   Bounding Radius: 10.000
[2026-02-11 16:05:19.086] [debug] [thread 490429] [MeshLoader] Starting load: '/Users/adriangabriel.axtmann/gitlab-dm/gitlab/medusa/tests/integration/../assets/stl/binary/sample_binary_cube.stl'
[2026-02-11 16:05:19.086] [debug] [thread 490429] [MeshLoader] Assimp flags: Triangulate|GenNormals|ValidateDataStructure|JoinIdenticalVertices|FixInfacingNormals
[2026-02-11 16:05:19.087] [debug] [thread 490429] [MeshLoader] Assimp loaded scene: 1 mesh(es)
[2026-02-11 16:05:19.087] [debug] [thread 490429] [MeshLoader] Scene totals: 24 vertices, 12 faces
[2026-02-11 16:05:19.087] [debug] [thread 490429] [MeshLoader] Mesh[0]: 24 vertices, 12 faces, normals=yes
[2026-02-11 16:05:19.087] [info] [thread 490429] [MeshLoader] Successfully loaded '/Users/adriangabriel.axtmann/gitlab-dm/gitlab/medusa/tests/integration/../assets/stl/binary/sample_binary_cube.stl'
[2026-02-11 16:05:19.087] [info] [thread 490429] [MeshLoader]   Vertices: 36
[2026-02-11 16:05:19.087] [info] [thread 490429] [MeshLoader]   Triangles: 12
[2026-02-11 16:05:19.087] [info] [thread 490429] [MeshLoader]   Skipped faces (non-triangle): 0
[2026-02-11 16:05:19.087] [info] [thread 490429] [MeshLoader]   Degenerate normals fixed: 0
[2026-02-11 16:05:19.087] [info] [thread 490429] [MeshLoader]   Bounding Box Min: (0.000, 0.000, 0.000)
[2026-02-11 16:05:19.087] [info] [thread 490429] [MeshLoader]   Bounding Box Max: (30.000, 30.000, 30.000)
[2026-02-11 16:05:19.087] [info] [thread 490429] [MeshLoader]   Bounding Box Center: (15.000, 15.000, 15.000)
[2026-02-11 16:05:19.087] [info] [thread 490429] [MeshLoader]   Bounding Radius: 15.000
[2026-02-11 16:05:19.087] [debug] [thread 490429] [MeshLoader] Starting load: '/Users/adriangabriel.axtmann/gitlab-dm/gitlab/medusa/tests/integration/../assets/obj/sample_binary_cube.obj'
[2026-02-11 16:05:19.087] [debug] [thread 490429] [MeshLoader] Assimp flags: Triangulate|GenNormals|ValidateDataStructure|JoinIdenticalVertices|FixInfacingNormals
[2026-02-11 16:05:19.269] [debug] [thread 490429] [MeshLoader] Assimp loaded scene: 1 mesh(es)
[2026-02-11 16:05:19.269] [debug] [thread 490429] [MeshLoader] Scene totals: 24 vertices, 12 faces
[2026-02-11 16:05:19.269] [debug] [thread 490429] [MeshLoader] Mesh[0]: 24 vertices, 12 faces, normals=yes
[2026-02-11 16:05:19.269] [info] [thread 490429] [MeshLoader] Successfully loaded '/Users/adriangabriel.axtmann/gitlab-dm/gitlab/medusa/tests/integration/../assets/obj/sample_binary_cube.obj'
[2026-02-11 16:05:19.269] [info] [thread 490429] [MeshLoader]   Vertices: 36
[2026-02-11 16:05:19.269] [info] [thread 490429] [MeshLoader]   Triangles: 12
[2026-02-11 16:05:19.269] [info] [thread 490429] [MeshLoader]   Skipped faces (non-triangle): 0
[2026-02-11 16:05:19.269] [info] [thread 490429] [MeshLoader]   Degenerate normals fixed: 0
[2026-02-11 16:05:19.269] [info] [thread 490429] [MeshLoader]   Bounding Box Min: (0.000, 0.000, 0.000)
[2026-02-11 16:05:19.269] [info] [thread 490429] [MeshLoader]   Bounding Box Max: (1.000, 1.000, 1.000)
[2026-02-11 16:05:19.269] [info] [thread 490429] [MeshLoader]   Bounding Box Center: (0.500, 0.500, 0.500)
[2026-02-11 16:05:19.269] [info] [thread 490429] [MeshLoader]   Bounding Radius: 0.500
[2026-02-11 16:05:19.269] [debug] [thread 490429] [MeshLoader] Starting load: '/Users/adriangabriel.axtmann/gitlab-dm/gitlab/medusa/tests/integration/../assets/obj/sample_binary_cube.obj'
[2026-02-11 16:05:19.270] [debug] [thread 490429] [MeshLoader] Assimp flags: Triangulate|GenNormals|ValidateDataStructure|JoinIdenticalVertices|FixInfacingNormals
[2026-02-11 16:05:19.449] [debug] [thread 490429] [MeshLoader] Assimp loaded scene: 1 mesh(es)
[2026-02-11 16:05:19.449] [debug] [thread 490429] [MeshLoader] Scene totals: 24 vertices, 12 faces
[2026-02-11 16:05:19.449] [debug] [thread 490429] [MeshLoader] Mesh[0]: 24 vertices, 12 faces, normals=yes
[2026-02-11 16:05:19.449] [info] [thread 490429] [MeshLoader] Successfully loaded '/Users/adriangabriel.axtmann/gitlab-dm/gitlab/medusa/tests/integration/../assets/obj/sample_binary_cube.obj'
[2026-02-11 16:05:19.449] [info] [thread 490429] [MeshLoader]   Vertices: 36
[2026-02-11 16:05:19.449] [info] [thread 490429] [MeshLoader]   Triangles: 12
[2026-02-11 16:05:19.449] [info] [thread 490429] [MeshLoader]   Skipped faces (non-triangle): 0
[2026-02-11 16:05:19.449] [info] [thread 490429] [MeshLoader]   Degenerate normals fixed: 0
[2026-02-11 16:05:19.449] [info] [thread 490429] [MeshLoader]   Bounding Box Min: (0.000, 0.000, 0.000)
[2026-02-11 16:05:19.449] [info] [thread 490429] [MeshLoader]   Bounding Box Max: (1.000, 1.000, 1.000)
[2026-02-11 16:05:19.449] [info] [thread 490429] [MeshLoader]   Bounding Box Center: (0.500, 0.500, 0.500)
[2026-02-11 16:05:19.449] [info] [thread 490429] [MeshLoader]   Bounding Radius: 0.500
[2026-02-11 16:05:19.449] [debug] [thread 490429] [MeshLoader] Starting load: '/Users/adriangabriel.axtmann/gitlab-dm/gitlab/medusa/tests/integration/../assets/obj/sample_binary_cube.obj'
[2026-02-11 16:05:19.449] [debug] [thread 490429] [MeshLoader] Assimp flags: Triangulate|GenNormals|ValidateDataStructure|JoinIdenticalVertices|FixInfacingNormals
[2026-02-11 16:05:19.629] [debug] [thread 490429] [MeshLoader] Assimp loaded scene: 1 mesh(es)
[2026-02-11 16:05:19.629] [debug] [thread 490429] [MeshLoader] Scene totals: 24 vertices, 12 faces
[2026-02-11 16:05:19.629] [debug] [thread 490429] [MeshLoader] Mesh[0]: 24 vertices, 12 faces, normals=yes
[2026-02-11 16:05:19.629] [info] [thread 490429] [MeshLoader] Successfully loaded '/Users/adriangabriel.axtmann/gitlab-dm/gitlab/medusa/tests/integration/../assets/obj/sample_binary_cube.obj'
[2026-02-11 16:05:19.629] [info] [thread 490429] [MeshLoader]   Vertices: 36
[2026-02-11 16:05:19.629] [info] [thread 490429] [MeshLoader]   Triangles: 12
[2026-02-11 16:05:19.629] [info] [thread 490429] [MeshLoader]   Skipped faces (non-triangle): 0
[2026-02-11 16:05:19.629] [info] [thread 490429] [MeshLoader]   Degenerate normals fixed: 0
[2026-02-11 16:05:19.629] [info] [thread 490429] [MeshLoader]   Bounding Box Min: (0.000, 0.000, 0.000)
[2026-02-11 16:05:19.629] [info] [thread 490429] [MeshLoader]   Bounding Box Max: (1.000, 1.000, 1.000)
[2026-02-11 16:05:19.629] [info] [thread 490429] [MeshLoader]   Bounding Box Center: (0.500, 0.500, 0.500)
[2026-02-11 16:05:19.629] [info] [thread 490429] [MeshLoader]   Bounding Radius: 0.500
